,SALE TYPE,PROPERTY TYPE,CITY,STATE,ZIP,PRICE,BEDS,BATHS,LOCATION,SQUARE FEET,LOT SIZE,YEAR BUILT,DAYS ON MARKET,PRICE PER SQFT,HOA PER MONTH,STATUS,SOURCE,MLS,LATITUDE,LONGITUDE,SHAPE
618,MLS Listing,Single Family Residential,Portland,OR,97233.0,334900.0,4.0,2.5,"Gresham, Sandy, Troutdale, Corbett",2044.0,2613.0,2007.0,49.0,164.0,0.0,Active,RMLS,18517652,45.53550904595655,-122.45222735404344,"{'spatialReference': {'wkid': 4326}, 'x': -122.45222735404344, 'y': 45.53550904595655}"
776,MLS Listing,Single Family Residential,Portland,OR,97230.0,349950.0,3.0,2.5,Reeds Place,2133.0,3920.0,2006.0,13.0,164.0,0.0,Active,RMLS,18465613,45.53333211486369,-122.45028188513632,"{'spatialReference': {'wkid': 4326}, 'x': -122.45028188513632, 'y': 45.53333211486369}"
808,MLS Listing,Single Family Residential,Portland,OR,97233.0,358999.0,4.0,2.5,Portland Southeast,2076.0,5227.0,2003.0,35.0,173.0,0.0,Active,RMLS,18005102,45.5174941277176,-122.4986661722824,"{'spatialReference': {'wkid': 4326}, 'x': -122.4986661722824, 'y': 45.5174941277176}"
881,MLS Listing,Single Family Residential,Portland,OR,97236.0,369800.0,4.0,2.5,Portland Southeast,2040.0,5227.0,2014.0,57.0,181.0,0.0,Active,RMLS,18216924,45.46228010059121,-122.53661989940878,"{'spatialReference': {'wkid': 4326}, 'x': -122.53661989940878, 'y': 45.46228010059121}"
955,MLS Listing,Single Family Residential,Portland,OR,97236.0,379900.0,3.0,2.0,Portland Southeast,2068.0,6534.0,2000.0,8.0,184.0,34.0,Active,RMLS,18647164,45.48586152518308,-122.48378397481692,"{'spatialReference': {'wkid': 4326}, 'x': -122.48378397481692, 'y': 45.48586152518308}"
1006,MLS Listing,Single Family Residential,Portland,OR,97211.0,389900.0,4.0,2.5,Portland Northeast,2072.0,10018.0,2005.0,104.0,188.0,0.0,Active,RMLS,18229660,45.61157210686565,-122.64026629313436,"{'spatialReference': {'wkid': 4326}, 'x': -122.64026629313436, 'y': 45.61157210686565}"
1078,MLS Listing,Single Family Residential,Portland,OR,97219.0,399500.0,3.0,2.5,"Portland West, Raleigh Hills",2102.0,3484.0,2008.0,71.0,190.0,0.0,Active,RMLS,18586790,45.45598144835962,-122.72051955164038,"{'spatialReference': {'wkid': 4326}, 'x': -122.72051955164038, 'y': 45.45598144835962}"
1083,MLS Listing,Single Family Residential,Portland,OR,97230.0,399888.0,3.0,2.5,WILKES COMMUNITY,2404.0,6098.0,2003.0,48.0,166.0,24.0,Active,RMLS,18314898,45.53731157892579,-122.50290162107422,"{'spatialReference': {'wkid': 4326}, 'x': -122.50290162107422, 'y': 45.53731157892579}"
1137,MLS Listing,Single Family Residential,Portland,OR,97216.0,405500.0,5.0,3.0,Portland Southeast,2406.0,5662.0,2007.0,21.0,169.0,0.0,Active,RMLS,18085278,45.51262208249472,-122.54369341750528,"{'spatialReference': {'wkid': 4326}, 'x': -122.54369341750528, 'y': 45.51262208249472}"
1201,MLS Listing,Single Family Residential,Milwaukie,OR,97222.0,423900.0,4.0,3.0,"Milwaukie, Gladstone, Happy Valley, Clckmas, Dmscus, Estacada",2116.0,6969.0,2018.0,67.0,200.0,0.0,Active,RMLS,18406186,45.47572778261215,-122.57197421738783,"{'spatialReference': {'wkid': 4326}, 'x': -122.57197421738783, 'y': 45.47572778261215}"
1207,MLS Listing,Single Family Residential,Portland,OR,97236.0,424900.0,4.0,3.0,Portland Southeast,2024.0,5227.0,2006.0,61.0,210.0,0.0,Active,RMLS,18020972,45.496900894241335,-122.50845740575866,"{'spatialReference': {'wkid': 4326}, 'x': -122.50845740575866, 'y': 45.496900894241335}"
1208,MLS Listing,Single Family Residential,Milwaukie,OR,97267.0,424900.0,4.0,2.5,GREENBRIER,2761.0,5662.0,2005.0,69.0,154.0,38.0,Active,RMLS,18283940,45.42943969013152,-122.57824160986846,"{'spatialReference': {'wkid': 4326}, 'x': -122.57824160986846, 'y': 45.42943969013152}"
1221,MLS Listing,Single Family Residential,Portland,OR,97236.0,425000.0,4.0,2.5,Portland Southeast,2142.0,8712.0,2004.0,18.0,198.0,0.0,Active,RMLS,18166839,45.49264817063844,-122.47732062936156,"{'spatialReference': {'wkid': 4326}, 'x': -122.47732062936156, 'y': 45.49264817063844}"
1227,MLS Listing,Single Family Residential,Portland,OR,97233.0,425000.0,4.0,3.0,Portland Southeast,2667.0,8712.0,2000.0,2.0,159.0,0.0,Active,RMLS,18390189,45.527207462531045,-122.52638083746896,"{'spatialReference': {'wkid': 4326}, 'x': -122.52638083746896, 'y': 45.527207462531045}"
1259,MLS Listing,Single Family Residential,Tigard,OR,97224.0,428500.0,3.0,3.5,"Tigard, Tualatin, Sherwood, Wilsonville",2212.0,3920.0,2000.0,1.0,194.0,97.0,Active,RMLS,18281614,45.4162840212343,-122.8057238787657,"{'spatialReference': {'wkid': 4326}, 'x': -122.8057238787657, 'y': 45.4162840212343}"
1294,MLS Listing,Single Family Residential,Portland,OR,97236.0,433800.0,5.0,2.5,Portland Southeast,2323.0,5227.0,2008.0,45.0,187.0,0.0,Active,RMLS,18159838,45.49549974536817,-122.53391615463184,"{'spatialReference': {'wkid': 4326}, 'x': -122.53391615463184, 'y': 45.49549974536817}"
1327,MLS Listing,Single Family Residential,Portland,OR,97233.0,439900.0,4.0,3.0,Portland Southeast,2006.0,6098.0,2018.0,21.0,219.0,0.0,Active,RMLS,18697929,45.52905539371924,-122.50498730628078,"{'spatialReference': {'wkid': 4326}, 'x': -122.50498730628078, 'y': 45.52905539371924}"
1342,MLS Listing,Single Family Residential,Milwaukie,OR,97267.0,444950.0,3.0,2.5,"Milwaukie, Gladstone, Happy Valley, Clckmas, Dmscus, Estacada",2010.0,6969.0,2018.0,84.0,221.0,0.0,Active,RMLS,18184111,45.42717073863163,-122.57871226136837,"{'spatialReference': {'wkid': 4326}, 'x': -122.57871226136837, 'y': 45.42717073863163}"
1379,MLS Listing,Single Family Residential,Portland,OR,97236.0,449900.0,4.0,2.5,Portland Southeast,2440.0,5662.0,2006.0,58.0,184.0,0.0,Active,RMLS,18381383,45.45055217188738,-122.55311582811262,"{'spatialReference': {'wkid': 4326}, 'x': -122.55311582811262, 'y': 45.45055217188738}"
1391,MLS Listing,Single Family Residential,Milwaukie,OR,97267.0,449950.0,3.0,2.5,"Milwaukie, Gladstone, Happy Valley, Clckmas, Dmscus, Estacada",2022.0,9147.0,2018.0,84.0,223.0,0.0,Active,RMLS,18036264,45.43483528635319,-122.57065771364682,"{'spatialReference': {'wkid': 4326}, 'x': -122.57065771364682, 'y': 45.43483528635319}"
1414,MLS Listing,Single Family Residential,Portland,OR,97236.0,454900.0,4.0,3.0,Portland Southeast,3126.0,6098.0,2003.0,109.0,146.0,0.0,Active,RMLS,18352241,45.472434639452594,-122.50418476054742,"{'spatialReference': {'wkid': 4326}, 'x': -122.50418476054742, 'y': 45.472434639452594}"
1427,MLS Listing,Multi-Family (2-4 Unit),Portland,OR,97236.0,456789.0,6.0,6.0,POWELLHURST-GILBERT,2812.0,6969.0,2006.0,28.0,162.0,0.0,Active,RMLS,18415529,45.5238885737678,-122.5114205262322,"{'spatialReference': {'wkid': 4326}, 'x': -122.5114205262322, 'y': 45.5238885737678}"
1438,MLS Listing,Single Family Residential,Portland,OR,97220.0,459900.0,4.0,3.0,Portland Northeast,2350.0,4791.0,2008.0,77.0,196.0,0.0,Active,RMLS,18052500,45.54342944872154,-122.54362205127848,"{'spatialReference': {'wkid': 4326}, 'x': -122.54362205127848, 'y': 45.54342944872154}"
1447,MLS Listing,Single Family Residential,Portland,OR,97236.0,460000.0,4.0,2.5,Portland Southeast,2257.0,7405.0,2003.0,67.0,204.0,34.0,Active,RMLS,18615156,45.47712083002732,-122.49803456997266,"{'spatialReference': {'wkid': 4326}, 'x': -122.49803456997266, 'y': 45.47712083002732}"
1449,MLS Listing,Townhouse,Portland,OR,97218.0,460000.0,3.0,2.5,Cully,2275.0,2613.0,2018.0,89.0,202.0,0.0,Active,RMLS,18663618,45.559434797989866,-122.58588590201016,"{'spatialReference': {'wkid': 4326}, 'x': -122.58588590201016, 'y': 45.559434797989866}"
1458,MLS Listing,Townhouse,Portland,OR,97218.0,465000.0,3.0,2.5,Cully,2275.0,2613.0,2018.0,89.0,204.0,0.0,Active,RMLS,18524346,45.545195492999625,-122.6005393070004,"{'spatialReference': {'wkid': 4326}, 'x': -122.6005393070004, 'y': 45.545195492999625}"
1488,MLS Listing,Single Family Residential,Portland,OR,97230.0,469923.0,4.0,2.5,Portland Northeast,2399.0,6098.0,2018.0,35.0,196.0,0.0,Active,RMLS,18287995,45.56594422006159,-122.4721998799384,"{'spatialReference': {'wkid': 4326}, 'x': -122.4721998799384, 'y': 45.56594422006159}"
1494,MLS Listing,Single Family Residential,Milwaukie,OR,97267.0,474900.0,3.0,2.5,Concord Road Vineyards,2701.0,5227.0,2004.0,6.0,176.0,35.0,Active,RMLS,18496603,45.423402142954,-122.616156357046,"{'spatialReference': {'wkid': 4326}, 'x': -122.616156357046, 'y': 45.423402142954}"
1501,MLS Listing,Single Family Residential,Tigard,OR,97224.0,474900.0,3.0,2.5,"Tigard, Tualatin, Sherwood, Wilsonville",2728.0,4356.0,2005.0,43.0,174.0,70.0,Active,RMLS,18306005,45.40548057500751,-122.80858352499249,"{'spatialReference': {'wkid': 4326}, 'x': -122.80858352499249, 'y': 45.40548057500751}"
1502,MLS Listing,Single Family Residential,Portland,OR,97223.0,474900.0,4.0,2.5,"Portland West, Raleigh Hills",2373.0,6969.0,2008.0,20.0,200.0,0.0,Active,RMLS,18017989,45.47813204712418,-122.74196785287585,"{'spatialReference': {'wkid': 4326}, 'x': -122.74196785287585, 'y': 45.47813204712418}"
1512,MLS Listing,Single Family Residential,Tigard,OR,97224.0,475000.0,4.0,3.0,"Tigard, Tualatin, Sherwood, Wilsonville",2409.0,4791.0,2002.0,143.0,197.0,0.0,Active,RMLS,18630734,45.41190683282974,-122.82864906717026,"{'spatialReference': {'wkid': 4326}, 'x': -122.82864906717026, 'y': 45.41190683282974}"
1520,MLS Listing,Townhouse,Portland,OR,97215.0,475000.0,4.0,2.5,MT TABOR/MONTAVILLA,2208.0,2613.0,2006.0,1.0,215.0,100.0,Active,RMLS,18362577,45.51990607754067,-122.57201502245933,"{'spatialReference': {'wkid': 4326}, 'x': -122.57201502245933, 'y': 45.51990607754067}"
1543,MLS Listing,Single Family Residential,Milwaukie,OR,97267.0,479000.0,4.0,2.5,"Milwaukie, Gladstone, Happy Valley, Clckmas, Dmscus, Estacada",2743.0,6534.0,2004.0,50.0,175.0,0.0,Active,RMLS,18185462,45.44069258631651,-122.56910341368352,"{'spatialReference': {'wkid': 4326}, 'x': -122.56910341368352, 'y': 45.44069258631651}"
1546,MLS Listing,Single Family Residential,Portland,OR,97206.0,479900.0,4.0,2.5,Portland Southeast,2029.0,3920.0,2018.0,121.0,237.0,0.0,Active,RMLS,18525026,45.47095651082903,-122.59129118917096,"{'spatialReference': {'wkid': 4326}, 'x': -122.59129118917096, 'y': 45.47095651082903}"
1547,MLS Listing,Single Family Residential,Happy Valley,OR,97086.0,479900.0,4.0,3.5,ALTAMONT,2784.0,3920.0,2004.0,135.0,172.0,15.0,Active,RMLS,18268485,45.50187706742376,-122.5192150325762,"{'spatialReference': {'wkid': 4326}, 'x': -122.5192150325762, 'y': 45.50187706742376}"
1549,MLS Listing,Single Family Residential,Portland,OR,97236.0,479900.0,3.0,2.5,Portland Southeast,2305.0,7840.0,2018.0,68.0,208.0,50.0,Active,RMLS,18077776,45.46599791800719,-122.4956020819928,"{'spatialReference': {'wkid': 4326}, 'x': -122.4956020819928, 'y': 45.46599791800719}"
1559,MLS Listing,Single Family Residential,Portland,OR,97230.0,483000.0,4.0,2.5,Halsey Highlands,2399.0,6969.0,2018.0,19.0,201.0,0.0,Active,RMLS,18404645,45.54547552254591,-122.4487611774541,"{'spatialReference': {'wkid': 4326}, 'x': -122.4487611774541, 'y': 45.54547552254591}"
1566,MLS Listing,Single Family Residential,Portland,OR,97266.0,484900.0,5.0,3.5,Portland Southeast,3344.0,3920.0,2007.0,27.0,145.0,200.0,Active,RMLS,18543295,45.47723789162333,-122.53761040837666,"{'spatialReference': {'wkid': 4326}, 'x': -122.53761040837666, 'y': 45.47723789162333}"
1580,MLS Listing,Single Family Residential,Portland,OR,97236.0,486900.0,3.0,2.5,Peach Tree Meadows,2356.0,7405.0,2018.0,5.0,207.0,50.0,Active,RMLS,18268007,45.48587576168468,-122.47572423831532,"{'spatialReference': {'wkid': 4326}, 'x': -122.47572423831532, 'y': 45.48587576168468}"
1581,MLS Listing,Single Family Residential,Tigard,OR,97224.0,487000.0,4.0,3.0,BULL MOUNTAIN/Meyers Farm,2580.0,4791.0,2001.0,121.0,189.0,0.0,Active,RMLS,18565385,45.43304218462872,-122.82315331537129,"{'spatialReference': {'wkid': 4326}, 'x': -122.82315331537129, 'y': 45.43304218462872}"
1583,MLS Listing,Single Family Residential,Portland,OR,97236.0,488750.0,3.0,2.5,Portland Southeast,2557.0,6534.0,2018.0,39.0,191.0,50.0,Active,RMLS,18327093,45.51219721667098,-122.44940278332902,"{'spatialReference': {'wkid': 4326}, 'x': -122.44940278332902, 'y': 45.51219721667098}"
1584,MLS Listing,Single Family Residential,Portland,OR,97236.0,488750.0,3.0,2.5,Peach Tree Meadows,2557.0,6534.0,2018.0,56.0,191.0,50.0,Active,RMLS,18300182,45.46289901197184,-122.49870098802816,"{'spatialReference': {'wkid': 4326}, 'x': -122.49870098802816, 'y': 45.46289901197184}"
1587,MLS Listing,Single Family Residential,Milwaukie,OR,97267.0,489000.0,3.0,2.5,CONCORD OAKS,2611.0,6969.0,2018.0,113.0,187.0,31.0,Active,RMLS,18130222,45.41843619077823,-122.61944880922177,"{'spatialReference': {'wkid': 4326}, 'x': -122.61944880922177, 'y': 45.41843619077823}"
1589,MLS Listing,Single Family Residential,Portland,OR,97225.0,489000.0,4.0,2.5,NW Washington Co or Sauvie Island,2714.0,4356.0,2002.0,19.0,180.0,0.0,Active,RMLS,18390288,45.54707798720888,-122.76263461279112,"{'spatialReference': {'wkid': 4326}, 'x': -122.76263461279112, 'y': 45.54707798720888}"
1597,MLS Listing,Single Family Residential,Portland,OR,97225.0,489900.0,4.0,2.5,Peterkort Village,2250.0,3049.0,2003.0,81.0,218.0,0.0,Active,RMLS,18244519,45.56562665576774,-122.73944794423228,"{'spatialReference': {'wkid': 4326}, 'x': -122.73944794423228, 'y': 45.56562665576774}"
1600,MLS Listing,Single Family Residential,Portland,OR,97213.0,489900.0,4.0,2.5,ROSE CITY PARK,2050.0,6969.0,2018.0,13.0,239.0,0.0,Active,RMLS,18533145,45.5259537482746,-122.5911485517254,"{'spatialReference': {'wkid': 4326}, 'x': -122.5911485517254, 'y': 45.5259537482746}"
1613,MLS Listing,Single Family Residential,Tigard,OR,97224.0,494000.0,3.0,2.5,ARBOR POINTE,2604.0,4791.0,2007.0,35.0,190.0,133.0,Active,RMLS,18317832,45.42779310258185,-122.83044729741816,"{'spatialReference': {'wkid': 4326}, 'x': -122.83044729741816, 'y': 45.42779310258185}"
1619,MLS Listing,Single Family Residential,Portland,OR,97230.0,495000.0,4.0,3.0,Halsey Highlands,2698.0,6969.0,2018.0,20.0,183.0,25.0,Active,RMLS,18625148,45.54046890123292,-122.45376779876707,"{'spatialReference': {'wkid': 4326}, 'x': -122.45376779876707, 'y': 45.54046890123292}"
1638,MLS Listing,Townhouse,Portland,OR,97239.0,498900.0,3.0,2.5,Corbett/John's Landing,2262.0,3920.0,2005.0,9.0,221.0,0.0,Active,RMLS,18046552,45.48578269667035,-122.68148230332964,"{'spatialReference': {'wkid': 4326}, 'x': -122.68148230332964, 'y': 45.48578269667035}"
1644,MLS Listing,Single Family Residential,Portland,OR,97236.0,499000.0,3.0,2.5,Portland Southeast,3350.0,8276.0,2000.0,62.0,149.0,10.0,Active,RMLS,18613304,45.4993263478522,-122.4871877521478,"{'spatialReference': {'wkid': 4326}, 'x': -122.4871877521478, 'y': 45.4993263478522}"
1650,MLS Listing,Single Family Residential,Portland,OR,97233.0,499000.0,4.0,2.5,Portland Southeast,2843.0,6969.0,2014.0,1.0,176.0,0.0,Active,RMLS,18035240,45.526420344760126,-122.50029325523988,"{'spatialReference': {'wkid': 4326}, 'x': -122.50029325523988, 'y': 45.526420344760126}"
1656,MLS Listing,Single Family Residential,Portland,OR,97210.0,499000.0,3.0,2.5,NW Washington Co or Sauvie Island,2011.0,2613.0,2010.0,41.0,248.0,105.0,Active,RMLS,18170798,45.54802001636065,-122.78808568363937,"{'spatialReference': {'wkid': 4326}, 'x': -122.78808568363937, 'y': 45.54802001636065}"
1667,MLS Listing,Single Family Residential,Portland,OR,97229.0,499500.0,3.0,2.5,McDaniel Village,2192.0,3920.0,2004.0,105.0,228.0,13.0,Active,RMLS,18479918,45.57674332513354,-122.75848607486644,"{'spatialReference': {'wkid': 4326}, 'x': -122.75848607486644, 'y': 45.57674332513354}"
1669,MLS Listing,Single Family Residential,Portland,OR,97266.0,499700.0,5.0,3.5,PLEASANT VALLEY,3662.0,21344.0,2004.0,48.0,136.0,0.0,Active,RMLS,18134679,45.46335337674141,-122.5493595232586,"{'spatialReference': {'wkid': 4326}, 'x': -122.5493595232586, 'y': 45.46335337674141}"
1676,MLS Listing,Single Family Residential,Tigard,OR,97224.0,499900.0,4.0,2.5,"Tigard, Tualatin, Sherwood, Wilsonville",2543.0,5227.0,2006.0,31.0,197.0,0.0,Active,RMLS,18175979,45.40874296902899,-122.835668330971,"{'spatialReference': {'wkid': 4326}, 'x': -122.835668330971, 'y': 45.40874296902899}"
1677,MLS Listing,Single Family Residential,Tigard,OR,97224.0,499900.0,4.0,2.5,Arbor Pointe 2,2358.0,5227.0,2009.0,66.0,212.0,119.0,Active,RMLS,18489535,45.42000291170776,-122.83740528829225,"{'spatialReference': {'wkid': 4326}, 'x': -122.83740528829225, 'y': 45.42000291170776}"
1678,MLS Listing,Townhouse,Portland,OR,97211.0,499900.0,3.0,3.5,Portland Northeast,2228.0,1742.0,2015.0,45.0,224.0,0.0,Active,RMLS,18136667,45.570576918206726,-122.65627518179326,"{'spatialReference': {'wkid': 4326}, 'x': -122.65627518179326, 'y': 45.570576918206726}"
1679,MLS Listing,Townhouse,Portland,OR,97239.0,499900.0,3.0,2.5,JOHNS LANDING,2252.0,1742.0,2005.0,3.0,222.0,0.0,Active,RMLS,18330192,45.469230501459,-122.698160098541,"{'spatialReference': {'wkid': 4326}, 'x': -122.698160098541, 'y': 45.469230501459}"
1682,MLS Listing,Townhouse,Portland,OR,97239.0,499900.0,4.0,3.5,LAIR HILL/CORBETT,2334.0,2178.0,2006.0,10.0,214.0,0.0,Active,RMLS,18035177,45.50654918673475,-122.66119791326524,"{'spatialReference': {'wkid': 4326}, 'x': -122.66119791326524, 'y': 45.50654918673475}"
1684,MLS Listing,Single Family Residential,Portland,OR,97225.0,499900.0,4.0,3.0,Peterkort Village,2452.0,3484.0,2003.0,42.0,204.0,0.0,Active,RMLS,18117942,45.5305999529184,-122.7787590470816,"{'spatialReference': {'wkid': 4326}, 'x': -122.7787590470816, 'y': 45.5305999529184}"
1705,MLS Listing,Single Family Residential,Milwaukie,OR,97222.0,499950.0,4.0,2.5,"Milwaukie, Gladstone, Happy Valley, Clckmas, Dmscus, Estacada",2429.0,7840.0,2018.0,139.0,206.0,0.0,Active,RMLS,18467170,45.42827059216174,-122.63495940783828,"{'spatialReference': {'wkid': 4326}, 'x': -122.63495940783828, 'y': 45.42827059216174}"
1708,MLS Listing,Single Family Residential,Milwaukie,OR,97267.0,499950.0,4.0,2.5,Castle Park,2550.0,8276.0,2013.0,101.0,196.0,0.0,Active,RMLS,18021854,45.39129790547413,-122.60167299452588,"{'spatialReference': {'wkid': 4326}, 'x': -122.60167299452588, 'y': 45.39129790547413}"
1727,MLS Listing,Single Family Residential,Portland,OR,97229.0,509900.0,4.0,2.5,THE COMMONS AT ABBEY CREEK,2163.0,3049.0,2015.0,6.0,236.0,34.0,Active,RMLS,18453150,45.57460370497224,-122.84805509502776,"{'spatialReference': {'wkid': 4326}, 'x': -122.84805509502776, 'y': 45.57460370497224}"
1735,MLS Listing,Single Family Residential,Portland,OR,97219.0,514900.0,4.0,3.5,"Portland West, Raleigh Hills",2065.0,1742.0,2018.0,300.0,249.0,0.0,Active,RMLS,17228335,45.4526937707721,-122.72252922922792,"{'spatialReference': {'wkid': 4326}, 'x': -122.72252922922792, 'y': 45.4526937707721}"
1738,MLS Listing,Single Family Residential,Tigard,OR,97224.0,514900.0,5.0,2.5,"Tigard, Tualatin, Sherwood, Wilsonville",2712.0,4791.0,2008.0,35.0,190.0,33.0,Active,RMLS,18385412,45.45291139624453,-122.80650020375548,"{'spatialReference': {'wkid': 4326}, 'x': -122.80650020375548, 'y': 45.45291139624453}"
1744,MLS Listing,Single Family Residential,Milwaukie,OR,97267.0,515000.0,3.0,2.5,Berry Meadows,2229.0,6098.0,2018.0,36.0,231.0,0.0,Active,RMLS,18303159,45.41991973271253,-122.63213986728748,"{'spatialReference': {'wkid': 4326}, 'x': -122.63213986728748, 'y': 45.41991973271253}"
1755,MLS Listing,Single Family Residential,Portland,OR,97236.0,518750.0,3.0,2.5,Portland Southeast,2557.0,8276.0,2018.0,152.0,203.0,50.0,Active,RMLS,18260962,45.47459288601026,-122.48760211398977,"{'spatialReference': {'wkid': 4326}, 'x': -122.48760211398977, 'y': 45.47459288601026}"
1756,MLS Listing,Single Family Residential,Portland,OR,97236.0,518750.0,3.0,2.5,Portland Southeast,2557.0,7405.0,2018.0,9.0,203.0,50.0,Active,RMLS,18077788,45.45382107293894,-122.50777892706104,"{'spatialReference': {'wkid': 4326}, 'x': -122.50777892706104, 'y': 45.45382107293894}"
1757,New Construction Home,Single Family Residential,Portland,OR,97236.0,518750.0,3.0,2.5,Peach Tree Meadows,2557.0,6969.0,2018.0,149.0,203.0,0.0,Active,NewHomeSource.com,1443106,45.460393425574544,-122.50120657442544,"{'spatialReference': {'wkid': 4326}, 'x': -122.50120657442544, 'y': 45.460393425574544}"
1764,MLS Listing,Single Family Residential,Tigard,OR,97223.0,519900.0,4.0,2.5,"Tigard, Tualatin, Sherwood, Wilsonville",2334.0,5662.0,2007.0,16.0,223.0,0.0,Active,RMLS,18363380,45.43492086075624,-122.77226573924376,"{'spatialReference': {'wkid': 4326}, 'x': -122.77226573924376, 'y': 45.43492086075624}"
1768,MLS Listing,Single Family Residential,Portland,OR,97229.0,519995.0,3.0,2.5,ORCHARDS AT ABBEY CREEK,2062.0,6969.0,2018.0,9.0,252.0,55.0,Active,RMLS,18038013,45.50336900303722,-122.68405088831976,"{'spatialReference': {'wkid': 4326}, 'x': -122.68405088831976, 'y': 45.50336900303722}"
1792,MLS Listing,Single Family Residential,Portland,OR,97229.0,524995.0,4.0,2.5,ABBEY CREEK IN BETHANY,2167.0,3920.0,2018.0,20.0,242.0,34.0,Active,RMLS,18592639,45.58220192387,-122.84302117612998,"{'spatialReference': {'wkid': 4326}, 'x': -122.84302117612998, 'y': 45.58220192387}"
1793,MLS Listing,Single Family Residential,Portland,OR,97217.0,525000.0,4.0,3.5,PIEDMONT,2034.0,1742.0,2013.0,225.0,258.0,0.0,Active,RMLS,18031108,45.58535511542658,-122.6599457845734,"{'spatialReference': {'wkid': 4326}, 'x': -122.6599457845734, 'y': 45.58535511542658}"
1800,MLS Listing,Single Family Residential,Portland,OR,97219.0,525000.0,4.0,3.0,"Portland West, Raleigh Hills",2564.0,4356.0,2004.0,4.0,205.0,60.0,Active,RMLS,18529842,45.45460416509415,-122.71561213490584,"{'spatialReference': {'wkid': 4326}, 'x': -122.71561213490584, 'y': 45.45460416509415}"
1817,MLS Listing,Single Family Residential,Tigard,OR,97224.0,528000.0,4.0,2.5,ARBOR POINTE,2466.0,5227.0,2006.0,13.0,214.0,125.0,Active,RMLS,18346063,45.43540545852011,-122.82317564147988,"{'spatialReference': {'wkid': 4326}, 'x': -122.82317564147988, 'y': 45.43540545852011}"
1822,MLS Listing,Single Family Residential,Portland,OR,97236.0,529000.0,4.0,3.0,CEDAR BRIDGE ESTATES,3451.0,9147.0,2004.0,35.0,153.0,0.0,Active,RMLS,18058515,45.49192478010635,-122.49721001989364,"{'spatialReference': {'wkid': 4326}, 'x': -122.49721001989364, 'y': 45.49192478010635}"
1835,MLS Listing,Single Family Residential,Portland,OR,97225.0,529900.0,3.0,2.5,West Haven Park,2070.0,2178.0,2018.0,189.0,256.0,45.0,Active,RMLS,18312442,45.523192734591085,-122.76237626540892,"{'spatialReference': {'wkid': 4326}, 'x': -122.76237626540892, 'y': 45.523192734591085}"
1837,MLS Listing,Single Family Residential,Portland,OR,97229.0,529995.0,4.0,2.5,ORCHARDS AT ABBEY CREEK,2301.0,6969.0,2018.0,10.0,230.0,55.0,Active,RMLS,18062133,45.49017590123528,-122.6972439901217,"{'spatialReference': {'wkid': 4326}, 'x': -122.6972439901217, 'y': 45.49017590123528}"
1838,MLS Listing,Single Family Residential,Portland,OR,97229.0,529999.0,4.0,2.5,NW Washington Co or Sauvie Island,2544.0,3049.0,2006.0,41.0,208.0,69.0,Active,RMLS,18292112,45.5454216396803,-122.7851710603197,"{'spatialReference': {'wkid': 4326}, 'x': -122.7851710603197, 'y': 45.5454216396803}"
1839,MLS Listing,Single Family Residential,Portland,OR,97229.0,530000.0,3.0,2.5,NW Washington Co or Sauvie Island,2271.0,3920.0,2002.0,101.0,233.0,20.0,Active,RMLS,18021426,45.56700622076121,-122.7909798792388,"{'spatialReference': {'wkid': 4326}, 'x': -122.7909798792388, 'y': 45.56700622076121}"
1842,MLS Listing,Single Family Residential,Portland,OR,97236.0,530000.0,4.0,2.5,Portland Southeast,3158.0,9147.0,2005.0,71.0,168.0,0.0,Active,RMLS,18243995,45.4726907656428,-122.5171519343572,"{'spatialReference': {'wkid': 4326}, 'x': -122.5171519343572, 'y': 45.4726907656428}"
1855,MLS Listing,Single Family Residential,Tigard,OR,97224.0,539000.0,5.0,4.0,Summit Ridge 5,2949.0,5662.0,2016.0,78.0,183.0,0.0,Active,RMLS,18225445,45.41463845321292,-122.80586744678708,"{'spatialReference': {'wkid': 4326}, 'x': -122.80586744678708, 'y': 45.41463845321292}"
1856,MLS Listing,Single Family Residential,Portland,OR,97206.0,539000.0,3.0,2.5,Portland Southeast,2302.0,3049.0,2018.0,15.0,234.0,0.0,Active,RMLS,18294835,45.48966828598599,-122.59977951401405,"{'spatialReference': {'wkid': 4326}, 'x': -122.59977951401405, 'y': 45.48966828598599}"
1858,MLS Listing,Single Family Residential,Portland,OR,97206.0,539500.0,3.0,2.5,Woodstock,2374.0,3049.0,2018.0,22.0,227.0,0.0,Active,RMLS,18036942,45.48569964694741,-122.6028954530526,"{'spatialReference': {'wkid': 4326}, 'x': -122.6028954530526, 'y': 45.48569964694741}"
1860,MLS Listing,Condo/Co-op,Portland,OR,97239.0,539900.0,2.0,3.5,"Portland West, Raleigh Hills",2218.0,6969.0,2016.0,64.0,243.0,111.0,Active,RMLS,18164206,45.524282970898,-122.65547102910202,"{'spatialReference': {'wkid': 4326}, 'x': -122.65547102910202, 'y': 45.524282970898}"
1861,MLS Listing,Single Family Residential,Portland,OR,97206.0,539900.0,4.0,2.5,Portland Southeast,2109.0,6969.0,2018.0,22.0,256.0,0.0,Active,RMLS,18112429,45.49672487435817,-122.58873562564185,"{'spatialReference': {'wkid': 4326}, 'x': -122.58873562564185, 'y': 45.49672487435817}"
1865,MLS Listing,Single Family Residential,Portland,OR,97229.0,539995.0,4.0,2.5,ABBEY CREEK IN BETHANY,2297.0,3049.0,2018.0,10.0,235.0,37.0,Active,RMLS,18401204,45.58407713876745,-122.84204986123255,"{'spatialReference': {'wkid': 4326}, 'x': -122.84204986123255, 'y': 45.58407713876745}"
1869,MLS Listing,Single Family Residential,Portland,OR,97236.0,543900.0,4.0,3.5,Portland Southeast,3178.0,6969.0,2018.0,68.0,171.0,50.0,Active,RMLS,18185257,45.4775359258747,-122.48513707412532,"{'spatialReference': {'wkid': 4326}, 'x': -122.48513707412532, 'y': 45.4775359258747}"
1874,MLS Listing,Single Family Residential,Portland,OR,97229.0,545000.0,4.0,2.5,NW Washington Co or Sauvie Island,2263.0,5227.0,2002.0,49.0,241.0,13.0,Active,RMLS,18056844,45.560853630430856,-122.81300776956915,"{'spatialReference': {'wkid': 4326}, 'x': -122.81300776956915, 'y': 45.560853630430856}"
1879,MLS Listing,Single Family Residential,Tigard,OR,97224.0,545000.0,3.0,2.5,"Tigard, Tualatin, Sherwood, Wilsonville",2743.0,3920.0,2004.0,14.0,199.0,70.0,Active,RMLS,18158997,45.42901186273417,-122.78405223726584,"{'spatialReference': {'wkid': 4326}, 'x': -122.78405223726584, 'y': 45.42901186273417}"
1881,MLS Listing,Single Family Residential,Portland,OR,97229.0,548500.0,5.0,3.5,NW Washington Co or Sauvie Island,2245.0,3484.0,2011.0,6.0,244.0,48.0,Active,RMLS,18089346,45.53598967462599,-122.76627372537402,"{'spatialReference': {'wkid': 4326}, 'x': -122.76627372537402, 'y': 45.53598967462599}"
1888,MLS Listing,Single Family Residential,Portland,OR,97220.0,549000.0,4.0,4.5,Portland Northeast,2956.0,6969.0,2018.0,33.0,186.0,0.0,Active,RMLS,18432056,45.58350987642502,-122.51110502357496,"{'spatialReference': {'wkid': 4326}, 'x': -122.51110502357496, 'y': 45.58350987642502}"
1893,MLS Listing,Single Family Residential,Portland,OR,97217.0,549000.0,3.0,2.5,Portland North,2484.0,3484.0,2018.0,72.0,221.0,0.0,Active,RMLS,18248238,45.59564511529121,-122.66038208470876,"{'spatialReference': {'wkid': 4326}, 'x': -122.66038208470876, 'y': 45.59564511529121}"
1896,MLS Listing,Townhouse,Portland,OR,97217.0,549000.0,3.0,3.5,MISSISSIPPI,2428.0,2613.0,2014.0,8.0,226.0,0.0,Active,RMLS,18042235,45.58461945741461,-122.6505169425854,"{'spatialReference': {'wkid': 4326}, 'x': -122.6505169425854, 'y': 45.58461945741461}"
1902,MLS Listing,Single Family Residential,Milwaukie,OR,97222.0,549900.0,4.0,3.5,"Milwaukie, Gladstone, Happy Valley, Clckmas, Dmscus, Estacada",3138.0,5662.0,2018.0,7.0,175.0,0.0,Active,RMLS,18376736,45.408037348558096,-122.65146865144192,"{'spatialReference': {'wkid': 4326}, 'x': -122.65146865144192, 'y': 45.408037348558096}"
1903,MLS Listing,Single Family Residential,Portland,OR,97266.0,549900.0,5.0,3.5,Portland Southeast,2306.0,5227.0,2018.0,311.0,238.0,0.0,Active,RMLS,17468803,45.52709752716018,-122.51307027283984,"{'spatialReference': {'wkid': 4326}, 'x': -122.51307027283984, 'y': 45.52709752716018}"
1910,MLS Listing,Single Family Residential,Milwaukie,OR,97222.0,549900.0,4.0,3.5,Oatfield Acres,3138.0,5662.0,2018.0,147.0,175.0,0.0,Active,RMLS,18002685,45.42964924327917,-122.63009175672084,"{'spatialReference': {'wkid': 4326}, 'x': -122.63009175672084, 'y': 45.42964924327917}"
1915,MLS Listing,Single Family Residential,Portland,OR,97219.0,549900.0,5.0,2.5,"Portland West, Raleigh Hills",2220.0,7405.0,2016.0,56.0,248.0,0.0,Active,RMLS,18609084,45.4759130381649,-122.6974422618351,"{'spatialReference': {'wkid': 4326}, 'x': -122.6974422618351, 'y': 45.4759130381649}"
1921,MLS Listing,Single Family Residential,Portland,OR,97206.0,550000.0,5.0,2.5,Portland Southeast,2758.0,8712.0,2000.0,61.0,199.0,0.0,Active,RMLS,18115705,45.47819596022556,-122.62158123977444,"{'spatialReference': {'wkid': 4326}, 'x': -122.62158123977444, 'y': 45.47819596022556}"
1932,MLS Listing,Single Family Residential,Tigard,OR,97224.0,550000.0,3.0,2.5,MADELINE HEIGHTS,2567.0,6969.0,2018.0,13.0,214.0,0.0,Active,RMLS,18197366,45.41598450704929,-122.8089154929507,"{'spatialReference': {'wkid': 4326}, 'x': -122.8089154929507, 'y': 45.41598450704929}"
1934,MLS Listing,Single Family Residential,Portland,OR,97219.0,550000.0,4.0,2.5,"Portland West, Raleigh Hills",2460.0,7405.0,2008.0,12.0,224.0,0.0,Active,RMLS,18367807,45.437122475562575,-122.7297337244374,"{'spatialReference': {'wkid': 4326}, 'x': -122.7297337244374, 'y': 45.437122475562575}"
1935,MLS Listing,Single Family Residential,Portland,OR,97216.0,550000.0,7.0,4.0,Portland Southeast,3038.0,6969.0,2018.0,94.0,181.0,0.0,Active,RMLS,18289907,45.528433728112766,-122.56567497188723,"{'spatialReference': {'wkid': 4326}, 'x': -122.56567497188723, 'y': 45.528433728112766}"
1941,New Construction Home,Single Family Residential,Tigard,OR,97224.0,550000.0,3.0,2.5,Madeline Heights,2567.0,6969.0,2018.0,114.0,214.0,0.0,Active,NewHomeSource.com,1456193,45.44958509122555,-122.77504360877444,"{'spatialReference': {'wkid': 4326}, 'x': -122.77504360877444, 'y': 45.44958509122555}"
1948,MLS Listing,Single Family Residential,Portland,OR,97229.0,554995.0,5.0,3.5,ORCHARDS AT ABBEY CREEK,2693.0,6969.0,2018.0,2.0,206.0,55.0,Active,RMLS,18047073,45.57960535290568,-122.84000864709432,"{'spatialReference': {'wkid': 4326}, 'x': -122.84000864709432, 'y': 45.57960535290568}"
1950,MLS Listing,Single Family Residential,Milwaukie,OR,97267.0,555000.0,3.0,2.5,"Milwaukie, Gladstone, Happy Valley, Clckmas, Dmscus, Estacada",2155.0,6969.0,2018.0,110.0,258.0,0.0,Active,RMLS,18379344,45.38219414422589,-122.6169798557741,"{'spatialReference': {'wkid': 4326}, 'x': -122.6169798557741, 'y': 45.38219414422589}"
1952,MLS Listing,Single Family Residential,Portland,OR,97224.0,556500.0,4.0,2.5,ARBOR POINTE,2507.0,4356.0,2013.0,84.0,222.0,125.0,Active,RMLS,18487228,45.43830358727407,-122.81953081272594,"{'spatialReference': {'wkid': 4326}, 'x': -122.81953081272594, 'y': 45.43830358727407}"
1956,MLS Listing,Townhouse,Portland,OR,97217.0,559000.0,4.0,3.5,ARBOR LODGE,2304.0,2613.0,2010.0,8.0,243.0,0.0,Active,RMLS,18123653,45.57233526976755,-122.69069303023248,"{'spatialReference': {'wkid': 4326}, 'x': -122.69069303023248, 'y': 45.57233526976755}"
1960,MLS Listing,Townhouse,Portland,OR,97211.0,559500.0,3.0,2.5,Portland Northeast,2348.0,1742.0,2007.0,5.0,238.0,0.0,Active,RMLS,18310961,45.58043916744701,-122.645921232553,"{'spatialReference': {'wkid': 4326}, 'x': -122.645921232553, 'y': 45.58043916744701}"
1963,MLS Listing,Single Family Residential,Portland,OR,97206.0,559900.0,4.0,2.5,Portland Southeast,2159.0,6969.0,2018.0,22.0,259.0,0.0,Active,RMLS,18671543,45.489292844183005,-122.593960555817,"{'spatialReference': {'wkid': 4326}, 'x': -122.593960555817, 'y': 45.489292844183005}"
1964,MLS Listing,Single Family Residential,Portland,OR,97229.0,559995.0,5.0,3.0,ABBEY CREEK IN BETHANY,2506.0,3920.0,2018.0,37.0,223.0,34.0,Active,RMLS,18384430,45.57911607761324,-122.84588592238676,"{'spatialReference': {'wkid': 4326}, 'x': -122.84588592238676, 'y': 45.57911607761324}"
1968,MLS Listing,Single Family Residential,Portland,OR,97236.0,562888.0,4.0,4.0,Portland Southeast,3459.0,13939.0,2003.0,29.0,163.0,0.0,Active,RMLS,18292179,45.46918439541717,-122.49780070458284,"{'spatialReference': {'wkid': 4326}, 'x': -122.49780070458284, 'y': 45.46918439541717}"
1969,MLS Listing,Single Family Residential,Portland,OR,97229.0,562995.0,5.0,3.0,ABBEY CREEK IN BETHANY,2506.0,6969.0,2018.0,68.0,225.0,34.0,Active,RMLS,18545728,45.59753908050923,-122.82744341949078,"{'spatialReference': {'wkid': 4326}, 'x': -122.82744341949078, 'y': 45.59753908050923}"
1971,MLS Listing,Single Family Residential,Portland,OR,97229.0,564900.0,3.0,2.5,BAUER HIGHLANDS,2550.0,3920.0,2002.0,13.0,222.0,20.0,Active,RMLS,18317933,45.5424009273571,-122.8157818726429,"{'spatialReference': {'wkid': 4326}, 'x': -122.8157818726429, 'y': 45.5424009273571}"
1974,MLS Listing,Single Family Residential,Portland,OR,97229.0,564995.0,4.0,2.5,GRACE HOLLOW II AT ABBEY CREEK,2348.0,3920.0,2018.0,71.0,241.0,74.0,Active,RMLS,18131614,45.539207728270384,-122.7792962717296,"{'spatialReference': {'wkid': 4326}, 'x': -122.7792962717296, 'y': 45.539207728270384}"
1980,MLS Listing,Townhouse,Portland,OR,97229.0,565000.0,2.0,2.5,FOREST HEIGHTS,2171.0,2613.0,2000.0,49.0,260.0,49.0,Active,RMLS,18359207,45.56027618800766,-122.75944481199234,"{'spatialReference': {'wkid': 4326}, 'x': -122.75944481199234, 'y': 45.56027618800766}"
1982,MLS Listing,Single Family Residential,Portland,OR,97236.0,565000.0,4.0,2.5,Portland Southeast,2417.0,6098.0,2002.0,56.0,234.0,34.0,Active,RMLS,18188909,45.46578905767714,-122.50199774232289,"{'spatialReference': {'wkid': 4326}, 'x': -122.50199774232289, 'y': 45.46578905767714}"
1984,MLS Listing,Single Family Residential,Portland,OR,97229.0,565000.0,4.0,2.5,NW Washington Co or Sauvie Island,3002.0,6534.0,2003.0,24.0,188.0,0.0,Active,RMLS,18257295,45.54809100823263,-122.77925969176736,"{'spatialReference': {'wkid': 4326}, 'x': -122.77925969176736, 'y': 45.54809100823263}"
1987,MLS Listing,Single Family Residential,Portland,OR,97203.0,569000.0,3.0,2.5,CATHEDRAL PARK/ST JOHNS,2160.0,4356.0,2005.0,83.0,263.0,0.0,Active,RMLS,18454489,45.60818610463321,-122.73948229536678,"{'spatialReference': {'wkid': 4326}, 'x': -122.73948229536678, 'y': 45.60818610463321}"
1989,MLS Listing,Single Family Residential,Portland,OR,97236.0,569000.0,3.0,2.5,CEDAR BRIDGE ESTATES,4174.0,12196.0,2003.0,132.0,136.0,0.0,Active,RMLS,18644320,45.45733706423654,-122.52991873576346,"{'spatialReference': {'wkid': 4326}, 'x': -122.52991873576346, 'y': 45.45733706423654}"
1995,MLS Listing,Single Family Residential,Portland,OR,97206.0,569900.0,4.0,2.5,Portland Southeast,2160.0,6969.0,2018.0,1.0,264.0,0.0,Active,RMLS,18103930,45.47436273963438,-122.61044146036562,"{'spatialReference': {'wkid': 4326}, 'x': -122.61044146036562, 'y': 45.47436273963438}"
2000,MLS Listing,Single Family Residential,Portland,OR,97223.0,569900.0,4.0,3.5,Heights 02,3022.0,5227.0,2001.0,34.0,189.0,0.0,Active,RMLS,18213089,45.47486935902024,-122.78707124097976,"{'spatialReference': {'wkid': 4326}, 'x': -122.78707124097976, 'y': 45.47486935902024}"
2001,MLS Listing,Single Family Residential,Portland,OR,97210.0,569995.0,4.0,2.5,GRACE HOLLOW II AT ABBEY CREEK,2301.0,6969.0,2018.0,38.0,248.0,74.0,Active,RMLS,18436725,45.58578214558854,-122.84034585441144,"{'spatialReference': {'wkid': 4326}, 'x': -122.84034585441144, 'y': 45.58578214558854}"
2003,MLS Listing,Single Family Residential,Tigard,OR,97223.0,570000.0,4.0,2.5,SW Portland/Tigard,2777.0,9147.0,2005.0,16.0,205.0,0.0,Active,RMLS,18217493,45.478871904775446,-122.72370269522456,"{'spatialReference': {'wkid': 4326}, 'x': -122.72370269522456, 'y': 45.478871904775446}"
2011,MLS Listing,Single Family Residential,Portland,OR,97202.0,574900.0,3.0,2.5,CRESTON - KENILWORTH,2019.0,3049.0,2018.0,7.0,285.0,0.0,Active,RMLS,18534351,45.50790348809899,-122.612406511901,"{'spatialReference': {'wkid': 4326}, 'x': -122.612406511901, 'y': 45.50790348809899}"
2015,MLS Listing,Single Family Residential,Portland,OR,97217.0,574900.0,4.0,2.5,ARBOR LODGE,2201.0,2613.0,2015.0,41.0,261.0,0.0,Active,RMLS,18391773,45.57846972391675,-122.68578867608326,"{'spatialReference': {'wkid': 4326}, 'x': -122.68578867608326, 'y': 45.57846972391675}"
2017,MLS Listing,Townhouse,Portland,OR,97206.0,574900.0,4.0,3.5,Portland Southeast,2122.0,2613.0,2018.0,217.0,271.0,0.0,Active,RMLS,17138243,45.50090254490788,-122.6074070550921,"{'spatialReference': {'wkid': 4326}, 'x': -122.6074070550921, 'y': 45.50090254490788}"
2035,MLS Listing,Single Family Residential,Portland,OR,97224.0,575000.0,3.0,2.5,PARK PLACE ESTATES,2257.0,6969.0,2018.0,81.0,255.0,0.0,Active,RMLS,18580547,45.43600858669721,-122.8111864133028,"{'spatialReference': {'wkid': 4326}, 'x': -122.8111864133028, 'y': 45.43600858669721}"
2038,MLS Listing,Single Family Residential,Portland,OR,97218.0,575000.0,4.0,2.5,CULLY,2265.0,6098.0,2018.0,66.0,254.0,0.0,Active,RMLS,18385584,45.556491331055085,-122.58800866894492,"{'spatialReference': {'wkid': 4326}, 'x': -122.58800866894492, 'y': 45.556491331055085}"
2044,New Construction Home,Single Family Residential,Portland,OR,97229.0,577995.0,5.0,3.5,The Meadows II at Abbey Creek,2952.0,6969.0,2018.0,2.0,196.0,0.0,Active,NewHomeSource.com,1516748,45.58575769729313,-122.83843460270684,"{'spatialReference': {'wkid': 4326}, 'x': -122.83843460270684, 'y': 45.58575769729313}"
2048,MLS Listing,Single Family Residential,Milwaukie,OR,97267.0,579000.0,4.0,2.5,"Milwaukie, Gladstone, Happy Valley, Clckmas, Dmscus, Estacada",3060.0,9147.0,2007.0,77.0,189.0,0.0,Active,RMLS,18108097,45.41322323504361,-122.65818916495638,"{'spatialReference': {'wkid': 4326}, 'x': -122.65818916495638, 'y': 45.41322323504361}"
2055,MLS Listing,Single Family Residential,Portland,OR,97229.0,579500.0,5.0,3.5,Cornell Heights,3034.0,3920.0,2013.0,27.0,191.0,48.0,Active,RMLS,18343244,45.541733405565545,-122.75924249443447,"{'spatialReference': {'wkid': 4326}, 'x': -122.75924249443447, 'y': 45.541733405565545}"
2061,MLS Listing,Single Family Residential,Portland,OR,97217.0,579950.0,4.0,2.5,KENTON,2113.0,5662.0,2018.0,15.0,274.0,0.0,Active,RMLS,18518261,45.60381444381407,-122.67985235618596,"{'spatialReference': {'wkid': 4326}, 'x': -122.67985235618596, 'y': 45.60381444381407}"
2062,MLS Listing,Single Family Residential,Tigard,OR,97224.0,580000.0,4.0,2.5,MADELINE HEIGHTS,2832.0,6969.0,2018.0,13.0,205.0,0.0,Active,RMLS,18496090,45.41494636944591,-122.80995363055408,"{'spatialReference': {'wkid': 4326}, 'x': -122.80995363055408, 'y': 45.41494636944591}"
2063,MLS Listing,Single Family Residential,Tigard,OR,97224.0,580000.0,4.0,2.5,MADELINE HEIGHTS,2832.0,6969.0,2018.0,13.0,205.0,0.0,Active,RMLS,18084407,45.41785469628157,-122.8070453037184,"{'spatialReference': {'wkid': 4326}, 'x': -122.8070453037184, 'y': 45.41785469628157}"
2065,MLS Listing,Single Family Residential,Portland,OR,97266.0,584900.0,4.0,3.5,Deerhaven Estates Sub,3867.0,7840.0,2006.0,58.0,151.0,0.0,Active,RMLS,18622197,45.46503464096083,-122.54152365903916,"{'spatialReference': {'wkid': 4326}, 'x': -122.54152365903916, 'y': 45.46503464096083}"
2066,MLS Listing,Single Family Residential,Portland,OR,97229.0,584995.0,5.0,2.5,GRACE HOLLOW II AT ABBEY CREEK,2547.0,4356.0,2018.0,74.0,230.0,74.0,Active,RMLS,18590953,45.48361610399853,-122.70380378735848,"{'spatialReference': {'wkid': 4326}, 'x': -122.70380378735848, 'y': 45.48361610399853}"
2067,MLS Listing,Single Family Residential,Portland,OR,97229.0,584995.0,5.0,3.5,ABBEY CREEK IN BETHANY,3048.0,3049.0,2019.0,16.0,192.0,37.0,Active,RMLS,18548575,45.5814878292825,-122.84289287071748,"{'spatialReference': {'wkid': 4326}, 'x': -122.84289287071748, 'y': 45.5814878292825}"
2068,MLS Listing,Single Family Residential,Portland,OR,97229.0,584995.0,4.0,3.0,NW Washington Co or Sauvie Island,2509.0,6969.0,2018.0,9.0,233.0,74.0,Active,RMLS,18361209,45.50623024533183,-122.68118964602516,"{'spatialReference': {'wkid': 4326}, 'x': -122.68118964602516, 'y': 45.50623024533183}"
2069,MLS Listing,Single Family Residential,Portland,OR,97229.0,585000.0,5.0,4.0,BANNISTER CREEK / NW PORTLAND,3794.0,5227.0,2004.0,31.0,154.0,18.0,Active,RMLS,18190102,45.5591252736707,-122.8046690263293,"{'spatialReference': {'wkid': 4326}, 'x': -122.8046690263293, 'y': 45.5591252736707}"
2078,MLS Listing,Single Family Residential,Portland,OR,97229.0,588900.0,4.0,2.5,NW Washington Co or Sauvie Island,2328.0,3484.0,2016.0,21.0,253.0,34.0,Active,RMLS,18306032,45.58435579605704,-122.83765790394295,"{'spatialReference': {'wkid': 4326}, 'x': -122.83765790394295, 'y': 45.58435579605704}"
2086,MLS Listing,Single Family Residential,Happy Valley,OR,97086.0,589900.0,4.0,4.0,"Milwaukie, Gladstone, Happy Valley, Clckmas, Dmscus, Estacada",3856.0,11761.0,2005.0,83.0,153.0,70.0,Active,RMLS,18546456,45.46303607988232,-122.56080632011768,"{'spatialReference': {'wkid': 4326}, 'x': -122.56080632011768, 'y': 45.46303607988232}"
2087,MLS Listing,Single Family Residential,Portland,OR,97236.0,589900.0,4.0,3.5,Portland Southeast,4623.0,10890.0,2004.0,272.0,128.0,0.0,Active,RMLS,17218625,45.5065191836265,-122.4609496163735,"{'spatialReference': {'wkid': 4326}, 'x': -122.4609496163735, 'y': 45.5065191836265}"
2096,MLS Listing,Single Family Residential,Portland,OR,97229.0,594900.0,5.0,3.5,BONNY SLOPE / Haydon Highlands,3567.0,3049.0,2006.0,57.0,167.0,64.0,Active,RMLS,18360477,45.54899618685774,-122.78179771314224,"{'spatialReference': {'wkid': 4326}, 'x': -122.78179771314224, 'y': 45.54899618685774}"
2104,MLS Listing,Single Family Residential,Milwaukie,OR,97267.0,599000.0,3.0,2.5,"Milwaukie, Gladstone, Happy Valley, Clckmas, Dmscus, Estacada",2681.0,10454.0,2006.0,56.0,223.0,0.0,Active,RMLS,18447320,45.40757821535672,-122.61296378464328,"{'spatialReference': {'wkid': 4326}, 'x': -122.61296378464328, 'y': 45.40757821535672}"
2112,MLS Listing,Single Family Residential,Portland,OR,97230.0,599000.0,5.0,4.0,Portland Northeast,3758.0,11325.0,2007.0,13.0,159.0,0.0,Active,RMLS,18127206,45.5356087075502,-122.5128111924498,"{'spatialReference': {'wkid': 4326}, 'x': -122.5128111924498, 'y': 45.5356087075502}"
2122,MLS Listing,Single Family Residential,Portland,OR,97219.0,599000.0,4.0,3.5,SOUTH BURLINGAME,2803.0,3920.0,2004.0,1.0,214.0,0.0,Active,RMLS,18489822,45.46946482445989,-122.68869077554008,"{'spatialReference': {'wkid': 4326}, 'x': -122.68869077554008, 'y': 45.46946482445989}"
2124,MLS Listing,Single Family Residential,Portland,OR,97229.0,599000.0,4.0,2.5,NW Washington Co or Sauvie Island,2411.0,7840.0,2002.0,40.0,248.0,0.0,Active,RMLS,18218285,45.5329409796617,-122.76590082033827,"{'spatialReference': {'wkid': 4326}, 'x': -122.76590082033827, 'y': 45.5329409796617}"
2127,MLS Listing,Single Family Residential,Portland,OR,97236.0,599000.0,4.0,2.5,PLEASANT VALLEY,2748.0,10018.0,2016.0,62.0,218.0,0.0,Active,RMLS,18647011,45.45079061620612,-122.52846348379389,"{'spatialReference': {'wkid': 4326}, 'x': -122.52846348379389, 'y': 45.45079061620612}"
2147,MLS Listing,Single Family Residential,Portland,OR,97219.0,599900.0,3.0,2.5,"Portland West, Raleigh Hills",2537.0,10018.0,2006.0,27.0,236.0,0.0,Active,RMLS,18193927,45.44852020669826,-122.73258359330175,"{'spatialReference': {'wkid': 4326}, 'x': -122.73258359330175, 'y': 45.44852020669826}"
2150,MLS Listing,Single Family Residential,Portland,OR,97218.0,599900.0,4.0,2.5,CULLY,2112.0,9147.0,2010.0,76.0,284.0,0.0,Active,RMLS,18595550,45.572888292978654,-122.59231630702136,"{'spatialReference': {'wkid': 4326}, 'x': -122.59231630702136, 'y': 45.572888292978654}"
2153,MLS Listing,Single Family Residential,Tigard,OR,97224.0,599900.0,5.0,4.0,FRENCH PRAIRIE VINEYARDS,3602.0,6534.0,2008.0,139.0,167.0,0.0,Active,RMLS,18317847,45.41149459063343,-122.83068920936655,"{'spatialReference': {'wkid': 4326}, 'x': -122.83068920936655, 'y': 45.41149459063343}"
2157,MLS Listing,Single Family Residential,Portland,OR,97213.0,599900.0,3.0,2.5,Montavilla,2463.0,6969.0,2018.0,104.0,244.0,0.0,Active,RMLS,18108604,45.55007706032734,-122.57356653967268,"{'spatialReference': {'wkid': 4326}, 'x': -122.57356653967268, 'y': 45.55007706032734}"
2162,MLS Listing,Single Family Residential,Tigard,OR,97223.0,599900.0,4.0,3.0,"Tigard, Tualatin, Sherwood, Wilsonville",3026.0,6098.0,2015.0,100.0,198.0,40.0,Active,RMLS,18410442,45.441042409771946,-122.76005439022804,"{'spatialReference': {'wkid': 4326}, 'x': -122.76005439022804, 'y': 45.441042409771946}"
2164,MLS Listing,Townhouse,Portland,OR,97206.0,599900.0,4.0,3.5,Portland Southeast,2193.0,2178.0,2018.0,119.0,274.0,0.0,Active,RMLS,17515218,45.49661651573723,-122.61146848426276,"{'spatialReference': {'wkid': 4326}, 'x': -122.61146848426276, 'y': 45.49661651573723}"
2170,MLS Listing,Single Family Residential,Portland,OR,97213.0,599950.0,4.0,3.0,ROSE CITY PARK,2708.0,3049.0,2011.0,1.0,222.0,0.0,Active,RMLS,18578497,45.58107283525381,-122.5528704647462,"{'spatialReference': {'wkid': 4326}, 'x': -122.5528704647462, 'y': 45.58107283525381}"
2171,MLS Listing,Single Family Residential,Portland,OR,97229.0,599950.0,5.0,3.5,BANNISTER HEIGHTS,4332.0,4791.0,2005.0,59.0,138.0,0.0,Active,RMLS,18293042,45.571874171724495,-122.7951874282755,"{'spatialReference': {'wkid': 4326}, 'x': -122.7951874282755, 'y': 45.571874171724495}"
2173,MLS Listing,Single Family Residential,Portland,OR,97229.0,599950.0,4.0,3.0,IRON RIDGE PARK,2646.0,6969.0,2011.0,48.0,227.0,30.0,Active,RMLS,18401105,45.538492884776986,-122.79557331522302,"{'spatialReference': {'wkid': 4326}, 'x': -122.79557331522302, 'y': 45.538492884776986}"
2175,MLS Listing,Condo/Co-op,Portland,OR,97206.0,599950.0,4.0,3.5,SOUTH TABOR,2381.0,6969.0,2018.0,48.0,252.0,60.0,Active,RMLS,18095097,45.52154308430325,-122.58658911569675,"{'spatialReference': {'wkid': 4326}, 'x': -122.58658911569675, 'y': 45.52154308430325}"
2177,MLS Listing,Single Family Residential,Portland,OR,97203.0,599999.0,4.0,3.5,UNIVERSITY PARK,2109.0,6969.0,2018.0,14.0,284.0,0.0,Active,RMLS,18030852,45.5955790877661,-122.71280141223389,"{'spatialReference': {'wkid': 4326}, 'x': -122.71280141223389, 'y': 45.5955790877661}"
2178,MLS Listing,Single Family Residential,Portland,OR,97203.0,599999.0,3.0,3.0,UNIVERSITY PARK,2880.0,3484.0,2010.0,72.0,208.0,0.0,Active,RMLS,18299685,45.58983297621316,-122.72145682378684,"{'spatialReference': {'wkid': 4326}, 'x': -122.72145682378684, 'y': 45.58983297621316}"
2184,MLS Listing,Townhouse,Portland,OR,97232.0,600000.0,2.0,2.5,"SULLIVAN'S GULCH, LLOYD CENTER",2110.0,1742.0,2000.0,6.0,284.0,0.0,Active,RMLS,18583483,45.53451114794528,-122.64783345205473,"{'spatialReference': {'wkid': 4326}, 'x': -122.64783345205473, 'y': 45.53451114794528}"
2192,MLS Listing,Single Family Residential,Milwaukie,OR,97267.0,610000.0,3.0,2.5,JENNINGS LODGE,2620.0,9583.0,2015.0,21.0,233.0,0.0,Active,RMLS,18171268,45.38741157232054,-122.63389112767948,"{'spatialReference': {'wkid': 4326}, 'x': -122.63389112767948, 'y': 45.38741157232054}"
2194,MLS Listing,Single Family Residential,Portland,OR,97266.0,614900.0,5.0,3.5,MT SCOTT,4230.0,7405.0,2006.0,112.0,145.0,0.0,Active,RMLS,18053604,45.45281543442696,-122.55222946557303,"{'spatialReference': {'wkid': 4326}, 'x': -122.55222946557303, 'y': 45.45281543442696}"
2195,MLS Listing,Single Family Residential,Portland,OR,97211.0,614900.0,4.0,2.5,SABIN/KING,2350.0,2178.0,2006.0,74.0,262.0,0.0,Active,RMLS,18622831,45.54151559697433,-122.67036830302568,"{'spatialReference': {'wkid': 4326}, 'x': -122.67036830302568, 'y': 45.54151559697433}"
2214,MLS Listing,Multi-Family (2-4 Unit),Portland,OR,97211.0,619900.0,6.0,4.0,Portland Northeast,2928.0,6969.0,2000.0,142.0,212.0,0.0,Active,RMLS,18586722,45.56377583474712,-122.65550066525286,"{'spatialReference': {'wkid': 4326}, 'x': -122.65550066525286, 'y': 45.56377583474712}"
2218,MLS Listing,Single Family Residential,Portland,OR,97211.0,620000.0,4.0,3.0,Portland Northeast,2969.0,4791.0,2018.0,126.0,209.0,0.0,Active,RMLS,18467321,45.56997849245669,-122.66015250754332,"{'spatialReference': {'wkid': 4326}, 'x': -122.66015250754332, 'y': 45.56997849245669}"
2219,MLS Listing,Single Family Residential,Portland,OR,97211.0,620000.0,4.0,3.0,Portland Northeast,2969.0,4791.0,2018.0,126.0,209.0,0.0,Active,RMLS,18383920,45.58313536826031,-122.64719163173967,"{'spatialReference': {'wkid': 4326}, 'x': -122.64719163173967, 'y': 45.58313536826031}"
2220,MLS Listing,Single Family Residential,Tigard,OR,97224.0,624900.0,6.0,3.5,"Tigard, Tualatin, Sherwood, Wilsonville",3809.0,4791.0,2006.0,2.0,164.0,125.0,Active,RMLS,18599482,45.41612617446476,-122.84142802553524,"{'spatialReference': {'wkid': 4326}, 'x': -122.84142802553524, 'y': 45.41612617446476}"
2223,MLS Listing,Single Family Residential,Tigard,OR,97224.0,624900.0,5.0,3.5,"Tigard, Tualatin, Sherwood, Wilsonville",3809.0,5662.0,2006.0,14.0,164.0,122.0,Active,RMLS,18500611,45.40496717826243,-122.85230822173756,"{'spatialReference': {'wkid': 4326}, 'x': -122.85230822173756, 'y': 45.40496717826243}"
2230,MLS Listing,Townhouse,Portland,OR,97239.0,625000.0,3.0,3.5,OHSU - Homestead,2509.0,2613.0,2005.0,49.0,249.0,0.0,Active,RMLS,18345364,45.52276451262178,-122.6692101873782,"{'spatialReference': {'wkid': 4326}, 'x': -122.6692101873782, 'y': 45.52276451262178}"
2231,MLS Listing,Multi-Family (2-4 Unit),Portland,OR,97206.0,625000.0,6.0,6.0,LENTS,2844.0,6969.0,2018.0,90.0,220.0,0.0,Active,RMLS,18116411,45.475148762192845,-122.57623023780717,"{'spatialReference': {'wkid': 4326}, 'x': -122.57623023780717, 'y': 45.475148762192845}"
2237,MLS Listing,Townhouse,Portland,OR,97239.0,625000.0,3.0,3.5,OHSU - Homestead,2422.0,2613.0,2005.0,63.0,258.0,0.0,Active,RMLS,18187676,45.51900972058659,-122.67290727941342,"{'spatialReference': {'wkid': 4326}, 'x': -122.67290727941342, 'y': 45.51900972058659}"
2240,MLS Listing,Single Family Residential,Portland,OR,97206.0,628000.0,4.0,2.5,FOSTER/POWELL,2534.0,3920.0,2018.0,22.0,248.0,0.0,Active,RMLS,18521135,45.478126300908784,-122.60881649909122,"{'spatialReference': {'wkid': 4326}, 'x': -122.60881649909122, 'y': 45.478126300908784}"
2249,MLS Listing,Single Family Residential,Tigard,OR,97224.0,629995.0,4.0,2.5,MEYERS FARM,2869.0,5227.0,2000.0,56.0,220.0,0.0,Active,RMLS,18661709,45.42581002395849,-122.82825517604152,"{'spatialReference': {'wkid': 4326}, 'x': -122.82825517604152, 'y': 45.42581002395849}"
2254,MLS Listing,Single Family Residential,Portland,OR,97229.0,631256.0,5.0,2.5,IRON RIDGE ESTATES,2765.0,4356.0,2008.0,49.0,228.0,19.0,Active,RMLS,18196732,45.56315319539071,-122.76652210460932,"{'spatialReference': {'wkid': 4326}, 'x': -122.76652210460932, 'y': 45.56315319539071}"
2260,MLS Listing,Single Family Residential,Portland,OR,97229.0,634995.0,5.0,4.0,CEDAR RIDGE,3005.0,4791.0,2018.0,222.0,211.0,79.0,Active,RMLS,18047304,45.54266913076284,-122.78250826923716,"{'spatialReference': {'wkid': 4326}, 'x': -122.78250826923716, 'y': 45.54266913076284}"
2262,MLS Listing,Townhouse,Portland,OR,97202.0,635000.0,3.0,2.5,Sellwood-Moreland,2002.0,1306.0,2015.0,10.0,317.0,0.0,Active,RMLS,18202505,45.46716762750045,-122.66184987249956,"{'spatialReference': {'wkid': 4326}, 'x': -122.66184987249956, 'y': 45.46716762750045}"
2266,MLS Listing,Single Family Residential,Portland,OR,97229.0,635000.0,5.0,3.0,CEDAR MILL,3011.0,5227.0,2002.0,98.0,211.0,0.0,Active,RMLS,18090694,45.5535224865203,-122.7635162134797,"{'spatialReference': {'wkid': 4326}, 'x': -122.7635162134797, 'y': 45.5535224865203}"
2272,MLS Listing,Single Family Residential,Portland,OR,97221.0,639000.0,4.0,2.5,Vermont Hills/Hayhurst,2280.0,9147.0,2000.0,1.0,280.0,0.0,Active,RMLS,18572038,45.52539694276278,-122.6767302572372,"{'spatialReference': {'wkid': 4326}, 'x': -122.6767302572372, 'y': 45.52539694276278}"
2273,MLS Listing,Single Family Residential,Milwaukie,OR,97267.0,639000.0,3.0,2.5,JENNINGS LODGE,2365.0,6969.0,2018.0,20.0,270.0,0.0,Active,RMLS,18641153,45.381211395845504,-122.6191976041545,"{'spatialReference': {'wkid': 4326}, 'x': -122.6191976041545, 'y': 45.381211395845504}"
2279,MLS Listing,Single Family Residential,Portland,OR,97229.0,639900.0,5.0,3.0,"Portland West, Raleigh Hills",3225.0,7405.0,2003.0,202.0,198.0,49.0,Active,RMLS,18231117,45.53928371119211,-122.7684720888079,"{'spatialReference': {'wkid': 4326}, 'x': -122.7684720888079, 'y': 45.53928371119211}"
2280,MLS Listing,Single Family Residential,Portland,OR,97229.0,639900.0,4.0,2.5,THOMPSON WOODS - ARBOR,2518.0,3920.0,2018.0,52.0,254.0,83.0,Active,RMLS,18069841,45.56594066363377,-122.78811833636624,"{'spatialReference': {'wkid': 4326}, 'x': -122.78811833636624, 'y': 45.56594066363377}"
2281,MLS Listing,Single Family Residential,Tigard,OR,97224.0,639900.0,4.0,3.0,Bull Ridge,2778.0,6534.0,2014.0,93.0,230.0,44.0,Active,RMLS,18599386,45.407685747013154,-122.83651495298686,"{'spatialReference': {'wkid': 4326}, 'x': -122.83651495298686, 'y': 45.407685747013154}"
2282,MLS Listing,Single Family Residential,Portland,OR,97229.0,639900.0,4.0,2.5,THOMPSON WOODS - ARBOR,2518.0,3920.0,2018.0,52.0,254.0,83.0,Active,RMLS,18160313,45.57506788910635,-122.77919711089363,"{'spatialReference': {'wkid': 4326}, 'x': -122.77919711089363, 'y': 45.57506788910635}"
2283,MLS Listing,Single Family Residential,Portland,OR,97229.0,639933.0,4.0,3.0,THOMPSON WOODS - WHH,2409.0,6969.0,2018.0,6.0,266.0,83.0,Active,RMLS,18377250,45.57669735200059,-122.7790936479994,"{'spatialReference': {'wkid': 4326}, 'x': -122.7790936479994, 'y': 45.57669735200059}"
2284,MLS Listing,Single Family Residential,Portland,OR,97229.0,639995.0,5.0,3.5,Grace Hollow II at Abbey Creek,2680.0,6969.0,2018.0,98.0,239.0,74.0,Active,RMLS,18301272,45.58270779145801,-122.84319220854198,"{'spatialReference': {'wkid': 4326}, 'x': -122.84319220854198, 'y': 45.58270779145801}"
2285,MLS Listing,Single Family Residential,Portland,OR,97229.0,639995.0,5.0,3.5,CEDAR HEIGHTS II,3296.0,5227.0,2018.0,18.0,194.0,40.0,Active,RMLS,18094956,45.54713248835589,-122.77137184514012,"{'spatialReference': {'wkid': 4326}, 'x': -122.77137184514012, 'y': 45.54713248835589}"
2286,New Construction Home,Single Family Residential,Portland,OR,97229.0,639995.0,4.0,2.5,Grace Hollow II at Abbey Creek,2680.0,6969.0,2018.0,93.0,239.0,0.0,Active,NewHomeSource.com,1465894,45.57179855717751,-122.74670577631848,"{'spatialReference': {'wkid': 4326}, 'x': -122.74670577631848, 'y': 45.57179855717751}"
2289,MLS Listing,Single Family Residential,Portland,OR,97217.0,644900.0,4.0,2.5,KENTON,2330.0,4791.0,2016.0,41.0,277.0,0.0,Active,RMLS,18525186,45.59755558743721,-122.6825128125628,"{'spatialReference': {'wkid': 4326}, 'x': -122.6825128125628, 'y': 45.59755558743721}"
2290,MLS Listing,Single Family Residential,Portland,OR,97229.0,645000.0,4.0,3.0,NW Washington Co or Sauvie Island,2757.0,3920.0,2012.0,14.0,234.0,30.0,Active,RMLS,18144594,45.53806312693538,-122.76898167306462,"{'spatialReference': {'wkid': 4326}, 'x': -122.76898167306462, 'y': 45.53806312693538}"
2297,MLS Listing,Single Family Residential,Portland,OR,97229.0,645995.0,5.0,3.5,CEDAR HEIGHTS II,3306.0,6969.0,2018.0,145.0,195.0,40.0,Active,RMLS,18462595,45.54560803530192,-122.77289629819408,"{'spatialReference': {'wkid': 4326}, 'x': -122.77289629819408, 'y': 45.54560803530192}"
2298,MLS Listing,Single Family Residential,Portland,OR,97229.0,647988.0,4.0,3.0,THOMPSON WOODS - WHH,2409.0,6969.0,2018.0,41.0,269.0,83.0,Active,RMLS,18597525,45.54943016298925,-122.80610483701074,"{'spatialReference': {'wkid': 4326}, 'x': -122.80610483701074, 'y': 45.54943016298925}"
2299,MLS Listing,Single Family Residential,Lake Oswego,OR,97035.0,648000.0,4.0,4.0,MOUNTAIN PARK,3735.0,10018.0,2002.0,128.0,173.0,83.0,Active,RMLS,18436901,45.44623352536784,-122.71380087463216,"{'spatialReference': {'wkid': 4326}, 'x': -122.71380087463216, 'y': 45.44623352536784}"
2302,MLS Listing,Single Family Residential,Portland,OR,97215.0,649000.0,4.0,2.5,MT TABOR,2537.0,4791.0,2014.0,7.0,256.0,0.0,Active,RMLS,18166594,45.5474650288232,-122.55864447117682,"{'spatialReference': {'wkid': 4326}, 'x': -122.55864447117682, 'y': 45.5474650288232}"
2307,MLS Listing,Single Family Residential,Portland,OR,97219.0,649000.0,4.0,2.5,"Portland West, Raleigh Hills",2885.0,6969.0,2003.0,29.0,225.0,0.0,Active,RMLS,18164582,45.474696034284975,-122.68669896571502,"{'spatialReference': {'wkid': 4326}, 'x': -122.68669896571502, 'y': 45.474696034284975}"
2313,MLS Listing,Single Family Residential,Portland,OR,97229.0,649500.0,4.0,2.5,Bethany,2734.0,3920.0,2017.0,27.0,238.0,60.0,Active,RMLS,18258361,45.54159058693261,-122.8311934130674,"{'spatialReference': {'wkid': 4326}, 'x': -122.8311934130674, 'y': 45.54159058693261}"
2316,MLS Listing,Single Family Residential,Portland,OR,97229.0,649900.0,4.0,2.5,Arbor Oaks,2928.0,4791.0,2008.0,48.0,222.0,117.0,Active,RMLS,18326643,45.57828581662321,-122.8374566833768,"{'spatialReference': {'wkid': 4326}, 'x': -122.8374566833768, 'y': 45.57828581662321}"
2317,MLS Listing,Single Family Residential,Portland,OR,97206.0,649900.0,3.0,3.0,SOUTH TABOR,2150.0,6969.0,2018.0,77.0,302.0,0.0,Active,RMLS,18681920,45.52079373082385,-122.56404706917614,"{'spatialReference': {'wkid': 4326}, 'x': -122.56404706917614, 'y': 45.52079373082385}"
2318,MLS Listing,Single Family Residential,Portland,OR,97213.0,649900.0,3.0,2.5,NORTH TABOR,2105.0,3049.0,2018.0,190.0,309.0,0.0,Active,RMLS,18123789,45.54132256172398,-122.59264943827604,"{'spatialReference': {'wkid': 4326}, 'x': -122.59264943827604, 'y': 45.54132256172398}"
2320,MLS Listing,Single Family Residential,Portland,OR,97206.0,649900.0,4.0,3.0,Portland Southeast,2955.0,4356.0,2018.0,23.0,220.0,0.0,Active,RMLS,18080838,45.47290594740671,-122.60158705259327,"{'spatialReference': {'wkid': 4326}, 'x': -122.60158705259327, 'y': 45.47290594740671}"
2321,MLS Listing,Single Family Residential,Portland,OR,97206.0,649900.0,3.0,3.0,SOUTH TABOR,2150.0,6969.0,2018.0,77.0,302.0,0.0,Active,RMLS,18551307,45.50948195666295,-122.57525564333709,"{'spatialReference': {'wkid': 4326}, 'x': -122.57525564333709, 'y': 45.50948195666295}"
2325,MLS Listing,Single Family Residential,Portland,OR,97206.0,649900.0,3.0,2.5,BRENTWOOD - DARLINGTON,2246.0,6969.0,2018.0,14.0,289.0,0.0,Active,RMLS,18142190,45.47203669139315,-122.61201370860684,"{'spatialReference': {'wkid': 4326}, 'x': -122.61201370860684, 'y': 45.47203669139315}"
2327,MLS Listing,Townhouse,Portland,OR,97217.0,649900.0,3.0,3.5,HUMBOLDT,2274.0,2613.0,2014.0,7.0,286.0,0.0,Active,RMLS,18333327,45.58739978915539,-122.6532702108446,"{'spatialReference': {'wkid': 4326}, 'x': -122.6532702108446, 'y': 45.58739978915539}"
2328,MLS Listing,Single Family Residential,Portland,OR,97229.0,649900.0,4.0,2.5,NW Washington Co or Sauvie Island,2942.0,8712.0,2001.0,21.0,221.0,25.0,Active,RMLS,18389440,45.561648716855046,-122.80065368314496,"{'spatialReference': {'wkid': 4326}, 'x': -122.80065368314496, 'y': 45.561648716855046}"
2329,MLS Listing,Single Family Residential,Portland,OR,97229.0,649900.0,4.0,2.5,THOMPSON WOODS - ARBOR,2518.0,4791.0,2018.0,78.0,258.0,83.0,Active,RMLS,18232692,45.55565806118187,-122.79873563881812,"{'spatialReference': {'wkid': 4326}, 'x': -122.79873563881812, 'y': 45.55565806118187}"
2330,MLS Listing,Single Family Residential,Portland,OR,97229.0,649900.0,4.0,3.5,Cedar Mills / Jordan Park,3227.0,5227.0,2000.0,125.0,201.0,0.0,Active,RMLS,18147756,45.54128042675728,-122.77469517324272,"{'spatialReference': {'wkid': 4326}, 'x': -122.77469517324272, 'y': 45.54128042675728}"
2333,MLS Listing,Single Family Residential,Portland,OR,97211.0,649950.0,4.0,3.0,Woodlawn/Dekum Triangle,2430.0,4791.0,2018.0,13.0,267.0,0.0,Active,RMLS,18439349,45.57063926613587,-122.66194533386414,"{'spatialReference': {'wkid': 4326}, 'x': -122.66194533386414, 'y': 45.57063926613587}"
2334,MLS Listing,Single Family Residential,Portland,OR,97211.0,649950.0,4.0,3.0,Portland Northeast,2430.0,4791.0,2018.0,6.0,267.0,0.0,Active,RMLS,18319633,45.56938991892227,-122.66302488107772,"{'spatialReference': {'wkid': 4326}, 'x': -122.66302488107772, 'y': 45.56938991892227}"
2335,MLS Listing,Single Family Residential,Tigard,OR,97223.0,649999.0,5.0,3.0,Ventura Estates,3239.0,6098.0,2002.0,42.0,201.0,0.0,Active,RMLS,18400923,45.43841729261651,-122.75679530738348,"{'spatialReference': {'wkid': 4326}, 'x': -122.75679530738348, 'y': 45.43841729261651}"
2345,MLS Listing,Single Family Residential,Portland,OR,97236.0,650000.0,4.0,2.5,Portland Southeast,3082.0,10454.0,2015.0,36.0,211.0,0.0,Active,RMLS,18108336,45.48251978672599,-122.49404561327404,"{'spatialReference': {'wkid': 4326}, 'x': -122.49404561327404, 'y': 45.48251978672599}"
2362,MLS Listing,Single Family Residential,Portland,OR,97229.0,659900.0,4.0,2.5,Thompson Woods- Arbor,2518.0,3920.0,2018.0,109.0,262.0,83.0,Active,RMLS,18270738,45.559802124299495,-122.79459157570052,"{'spatialReference': {'wkid': 4326}, 'x': -122.79459157570052, 'y': 45.559802124299495}"
2363,MLS Listing,Single Family Residential,Portland,OR,97206.0,659900.0,4.0,2.5,Portland Southeast,2493.0,6969.0,2018.0,22.0,265.0,0.0,Active,RMLS,18045246,45.49404999679654,-122.59075420320346,"{'spatialReference': {'wkid': 4326}, 'x': -122.59075420320346, 'y': 45.49404999679654}"
2367,MLS Listing,Single Family Residential,Portland,OR,97229.0,664995.0,4.0,3.5,Grace Hollow II at Abbey Creek,2949.0,6969.0,2018.0,98.0,225.0,74.0,Active,RMLS,18158354,45.53652443233423,-122.78197990116176,"{'spatialReference': {'wkid': 4326}, 'x': -122.78197990116176, 'y': 45.53652443233423}"
2369,MLS Listing,Single Family Residential,Portland,OR,97229.0,665000.0,4.0,2.5,CEDAR MILL,3499.0,7405.0,2005.0,28.0,190.0,0.0,Active,RMLS,18225617,45.528854153879095,-122.76654384612092,"{'spatialReference': {'wkid': 4326}, 'x': -122.76654384612092, 'y': 45.528854153879095}"
2372,MLS Listing,Single Family Residential,Portland,OR,97215.0,665000.0,3.0,2.5,Portland Southeast,2200.0,4356.0,2017.0,300.0,302.0,0.0,Active,RMLS,17626574,45.53808546702284,-122.57827723297716,"{'spatialReference': {'wkid': 4326}, 'x': -122.57827723297716, 'y': 45.53808546702284}"
2373,MLS Listing,Single Family Residential,Portland,OR,97229.0,665900.0,5.0,2.5,BANNISTER HEIGHTS,3461.0,4791.0,2004.0,34.0,192.0,23.0,Active,RMLS,18285532,45.58373588194702,-122.78038971805296,"{'spatialReference': {'wkid': 4326}, 'x': -122.78038971805296, 'y': 45.58373588194702}"
2375,MLS Listing,Single Family Residential,Portland,OR,97229.0,669000.0,5.0,3.5,FOREST HEIGHTS,3570.0,10890.0,2006.0,171.0,187.0,49.0,Active,RMLS,18256758,45.57130035909725,-122.73455464090274,"{'spatialReference': {'wkid': 4326}, 'x': -122.73455464090274, 'y': 45.57130035909725}"
2376,MLS Listing,Single Family Residential,Portland,OR,97206.0,669000.0,4.0,2.5,Portland Southeast,2536.0,4356.0,2018.0,90.0,264.0,0.0,Active,RMLS,18659423,45.48136864585726,-122.62813095414272,"{'spatialReference': {'wkid': 4326}, 'x': -122.62813095414272, 'y': 45.48136864585726}"
2381,MLS Listing,Single Family Residential,Portland,OR,97229.0,669990.0,4.0,2.5,BETHANY CREEK FALLS,2456.0,6969.0,2018.0,11.0,273.0,100.0,Active,RMLS,18384499,45.568411088261335,-122.83293021173866,"{'spatialReference': {'wkid': 4326}, 'x': -122.83293021173866, 'y': 45.568411088261335}"
2387,MLS Listing,Single Family Residential,Milwaukie,OR,97267.0,674900.0,4.0,4.0,"Milwaukie, Gladstone, Happy Valley, Clckmas, Dmscus, Estacada",4100.0,14374.0,2016.0,132.0,165.0,0.0,Active,RMLS,18126242,45.41305654135295,-122.60943985864704,"{'spatialReference': {'wkid': 4326}, 'x': -122.60943985864704, 'y': 45.41305654135295}"
2389,MLS Listing,Single Family Residential,Portland,OR,97229.0,674995.0,4.0,3.5,CEDAR HEIGHTS II,3522.0,6969.0,2018.0,99.0,192.0,40.0,Active,RMLS,18151979,45.55764038207852,-122.76086395141748,"{'spatialReference': {'wkid': 4326}, 'x': -122.76086395141748, 'y': 45.55764038207852}"
2406,MLS Listing,Single Family Residential,Portland,OR,97219.0,679000.0,4.0,3.0,HILLSDALE,2988.0,4791.0,2014.0,21.0,227.0,0.0,Active,RMLS,18323631,45.4771398424822,-122.68816215751782,"{'spatialReference': {'wkid': 4326}, 'x': -122.68816215751782, 'y': 45.4771398424822}"
2411,MLS Listing,Single Family Residential,Portland,OR,97217.0,679900.0,4.0,3.5,Portland North,2325.0,6969.0,2018.0,14.0,292.0,0.0,Active,RMLS,18309110,45.58908516260474,-122.68617443739528,"{'spatialReference': {'wkid': 4326}, 'x': -122.68617443739528, 'y': 45.58908516260474}"
2412,MLS Listing,Single Family Residential,Portland,OR,97217.0,679900.0,3.0,2.5,ARBOR LODGE/OVERLOOK,2149.0,2178.0,2018.0,51.0,316.0,0.0,Active,RMLS,18669250,45.570790286382206,-122.68708531361776,"{'spatialReference': {'wkid': 4326}, 'x': -122.68708531361776, 'y': 45.570790286382206}"
2414,MLS Listing,Single Family Residential,Portland,OR,97203.0,679950.0,4.0,3.5,University Park,2849.0,3484.0,2018.0,27.0,239.0,0.0,Active,RMLS,18020854,45.60825996692679,-122.6904498330732,"{'spatialReference': {'wkid': 4326}, 'x': -122.6904498330732, 'y': 45.60825996692679}"
2415,MLS Listing,Single Family Residential,Portland,OR,97229.0,679995.0,5.0,3.5,GRACE HOLLOW II AT ABBEY CREEK,3048.0,6969.0,2018.0,38.0,223.0,74.0,Active,RMLS,18412385,45.5510709958608,-122.7674333376352,"{'spatialReference': {'wkid': 4326}, 'x': -122.7674333376352, 'y': 45.5510709958608}"
2418,MLS Listing,Single Family Residential,Portland,OR,97229.0,684995.0,5.0,4.0,CEDAR HEIGHTS II,3643.0,6969.0,2018.0,99.0,188.0,40.0,Active,RMLS,18590261,45.57384122089475,-122.74466311260124,"{'spatialReference': {'wkid': 4326}, 'x': -122.74466311260124, 'y': 45.57384122089475}"
2419,MLS Listing,Single Family Residential,Portland,OR,97229.0,685000.0,4.0,2.5,CEDAR MILL,3000.0,7840.0,2005.0,34.0,228.0,0.0,Active,RMLS,18197963,45.55756457637623,-122.76742182362378,"{'spatialReference': {'wkid': 4326}, 'x': -122.76742182362378, 'y': 45.55756457637623}"
2423,MLS Listing,Single Family Residential,Tigard,OR,97224.0,685900.0,4.0,3.5,MADELINE HEIGHTS,3180.0,6969.0,2018.0,106.0,216.0,0.0,Active,RMLS,18138336,45.41383803793847,-122.81106196206152,"{'spatialReference': {'wkid': 4326}, 'x': -122.81106196206152, 'y': 45.41383803793847}"
2424,MLS Listing,Single Family Residential,Portland,OR,97229.0,686400.0,4.0,3.0,Iron Ridge,2448.0,6969.0,2018.0,35.0,280.0,34.0,Active,RMLS,18100325,45.5413543189224,-122.7923506810776,"{'spatialReference': {'wkid': 4326}, 'x': -122.7923506810776, 'y': 45.5413543189224}"
2425,MLS Listing,Single Family Residential,Tigard,OR,97224.0,687900.0,4.0,3.5,MADELINE HEIGHTS,3180.0,6969.0,2018.0,59.0,216.0,0.0,Active,RMLS,18047136,45.39850068021832,-122.82639931978169,"{'spatialReference': {'wkid': 4326}, 'x': -122.82639931978169, 'y': 45.39850068021832}"
2430,MLS Listing,Single Family Residential,Milwaukie,OR,97267.0,689000.0,3.0,2.5,JOSEPHINE ESTATES,2948.0,7840.0,2016.0,67.0,234.0,22.0,Active,RMLS,18073472,45.40841008652972,-122.61057111347029,"{'spatialReference': {'wkid': 4326}, 'x': -122.61057111347029, 'y': 45.40841008652972}"
2433,MLS Listing,Townhouse,Portland,OR,97211.0,689900.0,4.0,3.5,KING / ALBERTA ARTS,2007.0,1306.0,2018.0,50.0,344.0,0.0,Active,RMLS,18115891,45.546322556666006,-122.672289143334,"{'spatialReference': {'wkid': 4326}, 'x': -122.672289143334, 'y': 45.546322556666006}"
2434,MLS Listing,Single Family Residential,Portland,OR,97229.0,689900.0,4.0,3.0,Iron Ridge Heights,2448.0,6969.0,2018.0,34.0,282.0,34.0,Active,RMLS,18486871,45.52888548818768,-122.80481951181233,"{'spatialReference': {'wkid': 4326}, 'x': -122.80481951181233, 'y': 45.52888548818768}"
2437,MLS Listing,Single Family Residential,Portland,OR,97229.0,689900.0,4.0,3.0,THOMPSON WOODS - WHH,2557.0,6969.0,2018.0,12.0,270.0,83.0,Active,RMLS,18537072,45.55871820976191,-122.79615179023808,"{'spatialReference': {'wkid': 4326}, 'x': -122.79615179023808, 'y': 45.55871820976191}"
2439,New Construction Home,Single Family Residential,Portland,OR,97229.0,689950.0,4.0,3.0,Highlands at North Bethany,2612.0,6969.0,2017.0,296.0,264.0,0.0,Active,NewHomeFeed,611481,45.59384494759202,-122.83064840691796,"{'spatialReference': {'wkid': 4326}, 'x': -122.83064840691796, 'y': 45.59384494759202}"
2440,MLS Listing,Single Family Residential,Portland,OR,97229.0,689990.0,4.0,2.5,BETHANY CREEK FALLS,2909.0,6969.0,2018.0,27.0,237.0,100.0,Active,RMLS,18664192,45.54188500033669,-122.8557409996633,"{'spatialReference': {'wkid': 4326}, 'x': -122.8557409996633, 'y': 45.54188500033669}"
2442,MLS Listing,Single Family Residential,Portland,OR,97217.0,690000.0,3.0,3.0,ARBOR LODGE,3797.0,3920.0,2012.0,45.0,182.0,0.0,Active,RMLS,18392231,45.55721978320297,-122.70410361679704,"{'spatialReference': {'wkid': 4326}, 'x': -122.70410361679704, 'y': 45.55721978320297}"
2443,MLS Listing,Single Family Residential,Portland,OR,97229.0,690000.0,5.0,3.5,NW Washington Co or Sauvie Island,3376.0,5227.0,2016.0,62.0,204.0,69.0,Active,RMLS,18318834,45.54830020369127,-122.78652769630874,"{'spatialReference': {'wkid': 4326}, 'x': -122.78652769630874, 'y': 45.54830020369127}"
2446,MLS Listing,Single Family Residential,Portland,OR,97229.0,694988.0,4.0,3.0,THOMPSON WOODS - WHH,2557.0,6969.0,2018.0,81.0,272.0,83.0,Active,RMLS,18373029,45.56341665265855,-122.79151434734146,"{'spatialReference': {'wkid': 4326}, 'x': -122.79151434734146, 'y': 45.56341665265855}"
2455,MLS Listing,Single Family Residential,Tigard,OR,97223.0,697800.0,5.0,4.0,Oak Woods,3173.0,12196.0,2018.0,135.0,220.0,42.0,Active,RMLS,18207743,45.46686112951027,-122.72780637048972,"{'spatialReference': {'wkid': 4326}, 'x': -122.72780637048972, 'y': 45.46686112951027}"
2459,MLS Listing,Townhouse,Portland,OR,97211.0,699000.0,5.0,3.5,ALBERTA ARTS / CONCORDIA,2630.0,6969.0,2018.0,69.0,266.0,0.0,Active,RMLS,18310301,45.57030480152177,-122.62853359847824,"{'spatialReference': {'wkid': 4326}, 'x': -122.62853359847824, 'y': 45.57030480152177}"
2464,MLS Listing,Single Family Residential,Portland,OR,97206.0,699000.0,4.0,2.5,Portland Southeast,2658.0,4356.0,2018.0,108.0,263.0,0.0,Active,RMLS,18032546,45.506961127530815,-122.6163768724692,"{'spatialReference': {'wkid': 4326}, 'x': -122.6163768724692, 'y': 45.506961127530815}"
2466,MLS Listing,Multi-Family (2-4 Unit),Portland,OR,97266.0,699000.0,6.0,6.0,LENTS,3088.0,6969.0,2018.0,34.0,226.0,0.0,Active,RMLS,18034065,45.48724308195642,-122.56738991804356,"{'spatialReference': {'wkid': 4326}, 'x': -122.56738991804356, 'y': 45.48724308195642}"
2469,MLS Listing,Single Family Residential,Portland,OR,97211.0,699000.0,5.0,3.5,Woodlawn,3356.0,4791.0,2017.0,14.0,208.0,0.0,Active,RMLS,18698609,45.56751080231244,-122.66154379768756,"{'spatialReference': {'wkid': 4326}, 'x': -122.66154379768756, 'y': 45.56751080231244}"
2471,MLS Listing,Single Family Residential,Portland,OR,97219.0,699000.0,4.0,2.5,"Portland West, Raleigh Hills",3817.0,12196.0,2008.0,76.0,183.0,0.0,Active,RMLS,18504270,45.44680039828939,-122.6871631017106,"{'spatialReference': {'wkid': 4326}, 'x': -122.6871631017106, 'y': 45.44680039828939}"
2472,MLS Listing,Townhouse,Portland,OR,97211.0,699000.0,5.0,3.5,ALBERTA ARTS,2630.0,6969.0,2018.0,70.0,266.0,0.0,Active,RMLS,18662489,45.56957508003365,-122.62929381996636,"{'spatialReference': {'wkid': 4326}, 'x': -122.62929381996636, 'y': 45.56957508003365}"
2474,MLS Listing,Single Family Residential,Portland,OR,97203.0,699000.0,4.0,2.5,ST JOHNS,2600.0,4791.0,2018.0,140.0,269.0,0.0,Active,RMLS,18522209,45.58281042625917,-122.74497507374085,"{'spatialReference': {'wkid': 4326}, 'x': -122.74497507374085, 'y': 45.58281042625917}"
2476,MLS Listing,Single Family Residential,Tigard,OR,97223.0,699500.0,5.0,4.0,Oak Woods,3259.0,10890.0,2018.0,136.0,215.0,42.0,Active,RMLS,18189976,45.43518342559829,-122.75867657440172,"{'spatialReference': {'wkid': 4326}, 'x': -122.75867657440172, 'y': 45.43518342559829}"
2479,MLS Listing,Townhouse,Portland,OR,97202.0,699900.0,5.0,4.0,SELLWOOD - WEST MORELAND,2582.0,2613.0,2016.0,134.0,271.0,0.0,Active,RMLS,18120748,45.513880320233646,-122.61393667976635,"{'spatialReference': {'wkid': 4326}, 'x': -122.61393667976635, 'y': 45.513880320233646}"
2481,MLS Listing,Multi-Family (2-4 Unit),Portland,OR,97202.0,699900.0,5.0,4.0,SELLWOOD - WEST MORELAND,2582.0,6969.0,2016.0,113.0,271.0,0.0,Active,RMLS,18571434,45.481840900595145,-122.64586369940486,"{'spatialReference': {'wkid': 4326}, 'x': -122.64586369940486, 'y': 45.481840900595145}"
2483,MLS Listing,Single Family Residential,Portland,OR,97229.0,699900.0,5.0,3.5,Forest Heights,3548.0,7840.0,2001.0,90.0,197.0,66.0,Active,RMLS,18360370,45.5470572054061,-122.7600331945939,"{'spatialReference': {'wkid': 4326}, 'x': -122.7600331945939, 'y': 45.5470572054061}"
2488,MLS Listing,Single Family Residential,Portland,OR,97229.0,699900.0,4.0,3.0,THOMPSON WOODS - ARBOR,2637.0,6969.0,2018.0,45.0,265.0,83.0,Active,RMLS,18535877,45.57751276512293,-122.77479033487704,"{'spatialReference': {'wkid': 4326}, 'x': -122.77479033487704, 'y': 45.57751276512293}"
2490,MLS Listing,Single Family Residential,Portland,OR,97219.0,699900.0,4.0,3.0,"Portland West, Raleigh Hills",2794.0,4791.0,2018.0,42.0,251.0,0.0,Active,RMLS,18614773,45.48359090980097,-122.70441579019902,"{'spatialReference': {'wkid': 4326}, 'x': -122.70441579019902, 'y': 45.48359090980097}"
2492,MLS Listing,Single Family Residential,Portland,OR,97229.0,699900.0,4.0,3.0,THOMPSON WOODS - ARBOR,2637.0,6969.0,2018.0,69.0,265.0,83.0,Active,RMLS,18213231,45.56776136694496,-122.78444763305504,"{'spatialReference': {'wkid': 4326}, 'x': -122.78444763305504, 'y': 45.56776136694496}"
2493,MLS Listing,Single Family Residential,Portland,OR,97229.0,699900.0,4.0,3.0,THOMPSON WOODS - ARBOR,2618.0,6969.0,2018.0,74.0,267.0,83.0,Active,RMLS,18156948,45.56825938154503,-122.78622161845496,"{'spatialReference': {'wkid': 4326}, 'x': -122.78622161845496, 'y': 45.56825938154503}"
2494,MLS Listing,Single Family Residential,Portland,OR,97239.0,699900.0,4.0,2.5,Hillsdale,2911.0,4791.0,2009.0,9.0,240.0,0.0,Active,RMLS,18409009,45.46217298732275,-122.72883681267724,"{'spatialReference': {'wkid': 4326}, 'x': -122.72883681267724, 'y': 45.46217298732275}"
2497,MLS Listing,Single Family Residential,Portland,OR,97229.0,699950.0,5.0,3.0,HIGHLANDS AT NORTH BETHANY,2719.0,6969.0,2018.0,34.0,257.0,74.0,Active,RMLS,18491281,45.605682790326185,-122.81836320967382,"{'spatialReference': {'wkid': 4326}, 'x': -122.81836320967382, 'y': 45.605682790326185}"
2498,New Construction Home,Single Family Residential,Portland,OR,97229.0,699950.0,4.0,3.0,Highlands at North Bethany,2706.0,6969.0,2018.0,155.0,259.0,0.0,Active,NewHomeFeed,632347,45.57533185880216,-122.85032877926984,"{'spatialReference': {'wkid': 4326}, 'x': -122.85032877926984, 'y': 45.57533185880216}"
2500,MLS Listing,Single Family Residential,Portland,OR,97229.0,699988.0,4.0,3.0,THOMPSON WOODS - WHH,2557.0,6969.0,2018.0,89.0,274.0,83.0,Active,RMLS,18638831,45.565968912389785,-122.7889180876102,"{'spatialReference': {'wkid': 4326}, 'x': -122.7889180876102, 'y': 45.565968912389785}"
2502,MLS Listing,Single Family Residential,Portland,OR,97229.0,699995.0,4.0,3.5,CEDAR RIDGE,3038.0,4791.0,2018.0,188.0,230.0,79.0,Active,RMLS,18423090,45.52552357321201,-122.799832626788,"{'spatialReference': {'wkid': 4326}, 'x': -122.799832626788, 'y': 45.52552357321201}"
2503,MLS Listing,Single Family Residential,Portland,OR,97219.0,699999.0,4.0,3.5,"Portland West, Raleigh Hills",2709.0,4356.0,2016.0,9.0,258.0,0.0,Active,RMLS,18076378,45.45986789910496,-122.68949510089504,"{'spatialReference': {'wkid': 4326}, 'x': -122.68949510089504, 'y': 45.45986789910496}"
2509,MLS Listing,Single Family Residential,Portland,OR,97231.0,700000.0,3.0,3.5,SKYLINE / FOREST PARK,2940.0,42688.0,2010.0,35.0,238.0,29.0,Active,RMLS,18277192,45.614899274313714,-122.8092789256863,"{'spatialReference': {'wkid': 4326}, 'x': -122.8092789256863, 'y': 45.614899274313714}"
3367,MLS Listing,Single Family Residential,Gresham,OR,97080.0,399900.0,5.0,2.5,"Gresham, Sandy, Troutdale, Corbett",2455.0,4791.0,2008.0,1.0,163.0,0.0,Active,RMLS,18492677,45.48253818920197,-122.44442521079804,"{'spatialReference': {'wkid': 4326}, 'x': -122.44442521079804, 'y': 45.48253818920197}"
3376,MLS Listing,Single Family Residential,Gresham,OR,97080.0,425000.0,4.0,2.5,"Gresham, Sandy, Troutdale, Corbett",2590.0,5227.0,2008.0,1.0,164.0,33.0,Active,RMLS,18299358,45.478065457723645,-122.37054624227638,"{'spatialReference': {'wkid': 4326}, 'x': -122.37054624227638, 'y': 45.478065457723645}"
3377,MLS Listing,Single Family Residential,Gresham,OR,97080.0,674934.0,4.0,2.5,"Gresham, Sandy, Troutdale, Corbett",2550.0,47044.0,2018.0,1.0,265.0,0.0,Active,RMLS,18404327,45.50242011962918,-122.33464288037082,"{'spatialReference': {'wkid': 4326}, 'x': -122.33464288037082, 'y': 45.50242011962918}"
3378,MLS Listing,Single Family Residential,Gresham,OR,97080.0,699934.0,4.0,2.5,"Gresham, Sandy, Troutdale, Corbett",2625.0,56192.0,2019.0,1.0,267.0,0.0,Active,RMLS,18316280,45.49544431255172,-122.34042668744829,"{'spatialReference': {'wkid': 4326}, 'x': -122.34042668744829, 'y': 45.49544431255172}"
3380,MLS Listing,Single Family Residential,Gresham,OR,97080.0,484500.0,6.0,3.0,"Gresham, Sandy, Troutdale, Corbett",3390.0,5227.0,2006.0,1.0,143.0,16.0,Active,RMLS,18495278,45.48106791733098,-122.44332868266902,"{'spatialReference': {'wkid': 4326}, 'x': -122.44332868266902, 'y': 45.48106791733098}"
3381,MLS Listing,Single Family Residential,Gresham,OR,97080.0,439500.0,3.0,3.0,"Gresham, Sandy, Troutdale, Corbett",2120.0,5227.0,2013.0,1.0,207.0,0.0,Active,RMLS,18588520,45.50253733341345,-122.37625106658656,"{'spatialReference': {'wkid': 4326}, 'x': -122.37625106658656, 'y': 45.50253733341345}"
3386,MLS Listing,Single Family Residential,Gresham,OR,97080.0,679900.0,3.0,2.5,"Gresham, Sandy, Troutdale, Corbett",3098.0,10890.0,2008.0,1.0,219.0,67.0,Active,RMLS,18421975,45.49111784562492,-122.40237815437509,"{'spatialReference': {'wkid': 4326}, 'x': -122.40237815437509, 'y': 45.49111784562492}"
3391,MLS Listing,Single Family Residential,Gresham,OR,97080.0,359000.0,4.0,2.5,"Gresham, Sandy, Troutdale, Corbett",2013.0,4791.0,2001.0,2.0,178.0,0.0,Active,RMLS,18328827,45.4736977101141,-122.40861498988588,"{'spatialReference': {'wkid': 4326}, 'x': -122.40861498988588, 'y': 45.4736977101141}"
3396,MLS Listing,Single Family Residential,Gresham,OR,97080.0,519900.0,4.0,3.5,"Gresham, Sandy, Troutdale, Corbett",3180.0,6969.0,2018.0,4.0,163.0,0.0,Active,RMLS,18683443,45.46810591125417,-122.46159408874584,"{'spatialReference': {'wkid': 4326}, 'x': -122.46159408874584, 'y': 45.46810591125417}"
3421,MLS Listing,Single Family Residential,Gresham,OR,97080.0,489900.0,5.0,3.0,"Gresham, Sandy, Troutdale, Corbett",2889.0,6969.0,2018.0,11.0,170.0,0.0,Active,RMLS,18171061,45.46743369014398,-122.46226630985602,"{'spatialReference': {'wkid': 4326}, 'x': -122.46226630985602, 'y': 45.46743369014398}"
3422,MLS Listing,Single Family Residential,Gresham,OR,97080.0,459900.0,4.0,3.0,"Gresham, Sandy, Troutdale, Corbett",2448.0,6969.0,2018.0,11.0,188.0,0.0,Active,RMLS,18034056,45.46656581528596,-122.46313418471404,"{'spatialReference': {'wkid': 4326}, 'x': -122.46313418471404, 'y': 45.46656581528596}"
3425,MLS Listing,Single Family Residential,Gresham,OR,97080.0,475150.0,3.0,2.0,"Gresham, Sandy, Troutdale, Corbett",2557.0,6969.0,2018.0,13.0,186.0,0.0,Active,RMLS,18427656,45.49750548761634,-122.43219451238366,"{'spatialReference': {'wkid': 4326}, 'x': -122.43219451238366, 'y': 45.49750548761634}"
3428,MLS Listing,Single Family Residential,Gresham,OR,97080.0,669934.0,4.0,2.5,"Gresham, Sandy, Troutdale, Corbett",2527.0,43560.0,2018.0,13.0,265.0,0.0,Active,RMLS,18251129,45.47422865631388,-122.36173734368612,"{'spatialReference': {'wkid': 4326}, 'x': -122.36173734368612, 'y': 45.47422865631388}"
3432,MLS Listing,Single Family Residential,Gresham,OR,97080.0,475000.0,3.0,2.5,"Gresham, Sandy, Troutdale, Corbett",2846.0,5662.0,2014.0,14.0,167.0,34.0,Active,RMLS,18611981,45.503945001770695,-122.42663779822932,"{'spatialReference': {'wkid': 4326}, 'x': -122.42663779822932, 'y': 45.503945001770695}"
3436,MLS Listing,Single Family Residential,Gresham,OR,97080.0,366900.0,4.0,2.5,KELLY CREEK ESTATES,2058.0,4791.0,2001.0,16.0,178.0,12.0,Active,RMLS,18430420,45.48034087639401,-122.384458723606,"{'spatialReference': {'wkid': 4326}, 'x': -122.384458723606, 'y': 45.48034087639401}"
3438,MLS Listing,Single Family Residential,Gresham,OR,97030.0,389000.0,4.0,2.5,"Gresham, Sandy, Troutdale, Corbett",2200.0,3049.0,2008.0,16.0,177.0,0.0,Active,RMLS,18407305,45.519680644716495,-122.44441805528352,"{'spatialReference': {'wkid': 4326}, 'x': -122.44441805528352, 'y': 45.519680644716495}"
3439,MLS Listing,Single Family Residential,Gresham,OR,97080.0,499900.0,4.0,3.0,"Gresham, Sandy, Troutdale, Corbett",2811.0,5227.0,2017.0,16.0,178.0,25.0,Active,RMLS,18396804,45.48647428474983,-122.45879721525016,"{'spatialReference': {'wkid': 4326}, 'x': -122.45879721525016, 'y': 45.48647428474983}"
3442,MLS Listing,Single Family Residential,Gresham,OR,97080.0,669833.0,4.0,2.5,"Gresham, Sandy, Troutdale, Corbett",2800.0,9583.0,2018.0,19.0,239.0,0.0,Active,RMLS,18003220,45.48210499900747,-122.40520500099252,"{'spatialReference': {'wkid': 4326}, 'x': -122.40520500099252, 'y': 45.48210499900747}"
3443,MLS Listing,Single Family Residential,Gresham,OR,97080.0,627000.0,4.0,2.5,Hilltop View Estates,2384.0,9147.0,2018.0,19.0,263.0,0.0,Active,RMLS,18043220,45.44949402747728,-122.43821497252272,"{'spatialReference': {'wkid': 4326}, 'x': -122.43821497252272, 'y': 45.44949402747728}"
3447,MLS Listing,Multi-Family (2-4 Unit),Gresham,OR,97030.0,649900.0,8.0,7.0,RED SUNSET PARK,3648.0,6969.0,2014.0,21.0,178.0,0.0,Active,RMLS,18126322,45.51788272652244,-122.40880037347758,"{'spatialReference': {'wkid': 4326}, 'x': -122.40880037347758, 'y': 45.51788272652244}"
3448,MLS Listing,Single Family Residential,Gresham,OR,97080.0,425000.0,4.0,2.5,"Gresham, Sandy, Troutdale, Corbett",2500.0,5662.0,2009.0,21.0,170.0,0.0,Active,RMLS,18561064,45.48168798050703,-122.42319011949296,"{'spatialReference': {'wkid': 4326}, 'x': -122.42319011949296, 'y': 45.48168798050703}"
3449,MLS Listing,Single Family Residential,Gresham,OR,97080.0,364500.0,3.0,3.0,"Gresham, Sandy, Troutdale, Corbett",2064.0,3484.0,2004.0,21.0,177.0,0.0,Active,RMLS,18053995,45.46058140370591,-122.46493079629408,"{'spatialReference': {'wkid': 4326}, 'x': -122.46493079629408, 'y': 45.46058140370591}"
3460,MLS Listing,Single Family Residential,Fairview,OR,97024.0,474900.0,4.0,2.5,BLUE HERON SHORES 02,2164.0,7840.0,2000.0,27.0,219.0,30.0,Active,RMLS,18413031,45.56076160056303,-122.44137989943697,"{'spatialReference': {'wkid': 4326}, 'x': -122.44137989943697, 'y': 45.56076160056303}"
3463,MLS Listing,Single Family Residential,Gresham,OR,97080.0,419900.0,4.0,2.5,"Gresham, Sandy, Troutdale, Corbett",2327.0,6969.0,2018.0,28.0,180.0,0.0,Active,RMLS,18186050,45.48074568464144,-122.38346181535854,"{'spatialReference': {'wkid': 4326}, 'x': -122.38346181535854, 'y': 45.48074568464144}"
3468,MLS Listing,Single Family Residential,Gresham,OR,97080.0,379950.0,4.0,2.5,Portland Southeast,2053.0,5227.0,2006.0,29.0,185.0,0.0,Active,RMLS,18372039,45.48596686436105,-122.44261783563896,"{'spatialReference': {'wkid': 4326}, 'x': -122.44261783563896, 'y': 45.48596686436105}"
3483,MLS Listing,Single Family Residential,Gresham,OR,97080.0,399900.0,4.0,2.5,"Gresham, Sandy, Troutdale, Corbett",2021.0,6969.0,2018.0,34.0,198.0,0.0,Active,RMLS,18496459,45.49769896289552,-122.3650100371045,"{'spatialReference': {'wkid': 4326}, 'x': -122.3650100371045, 'y': 45.49769896289552}"
3485,MLS Listing,Single Family Residential,Gresham,OR,97080.0,399900.0,4.0,2.5,"Gresham, Sandy, Troutdale, Corbett",2023.0,6969.0,2018.0,34.0,198.0,0.0,Active,RMLS,18456842,45.522631827188704,-122.33984097281127,"{'spatialReference': {'wkid': 4326}, 'x': -122.33984097281127, 'y': 45.522631827188704}"
3497,MLS Listing,Single Family Residential,Gresham,OR,97080.0,699934.0,4.0,3.5,"Gresham, Sandy, Troutdale, Corbett",2672.0,57499.0,2018.0,37.0,262.0,0.0,Active,RMLS,18344814,45.50209667563264,-122.33625032436736,"{'spatialReference': {'wkid': 4326}, 'x': -122.33625032436736, 'y': 45.50209667563264}"
3501,MLS Listing,Single Family Residential,Gresham,OR,97080.0,671500.0,4.0,2.5,Hilltop View Estates at Persim,2453.0,10018.0,2018.0,39.0,274.0,0.0,Active,RMLS,18070961,45.4958811076002,-122.4273987923998,"{'spatialReference': {'wkid': 4326}, 'x': -122.4273987923998, 'y': 45.4958811076002}"
3502,MLS Listing,Single Family Residential,Gresham,OR,97080.0,501400.0,4.0,3.0,Homestead @ Brookside,2801.0,6969.0,2018.0,40.0,179.0,0.0,Active,RMLS,18545517,45.45122005291048,-122.47847994708953,"{'spatialReference': {'wkid': 4326}, 'x': -122.47847994708953, 'y': 45.45122005291048}"
3503,MLS Listing,Single Family Residential,Gresham,OR,97080.0,665500.0,4.0,2.5,"Gresham, Sandy, Troutdale, Corbett",2453.0,10018.0,2018.0,40.0,271.0,0.0,Active,RMLS,18089153,45.48090303146184,-122.40578496853816,"{'spatialReference': {'wkid': 4326}, 'x': -122.40578496853816, 'y': 45.48090303146184}"
3508,MLS Listing,Single Family Residential,Gresham,OR,97080.0,649900.0,4.0,2.5,CEDAR LAKE,3671.0,13068.0,2002.0,41.0,177.0,29.0,Active,RMLS,18472667,45.49063039441874,-122.40512590558129,"{'spatialReference': {'wkid': 4326}, 'x': -122.40512590558129, 'y': 45.49063039441874}"
3510,MLS Listing,Single Family Residential,Gresham,OR,97080.0,464000.0,4.0,3.0,"Gresham, Sandy, Troutdale, Corbett",2523.0,6969.0,2004.0,42.0,184.0,0.0,Active,RMLS,18041807,45.49300073048423,-122.38887486951576,"{'spatialReference': {'wkid': 4326}, 'x': -122.38887486951576, 'y': 45.49300073048423}"
3517,MLS Listing,Single Family Residential,Gresham,OR,97080.0,479500.0,3.0,2.5,"Gresham, Sandy, Troutdale, Corbett",2851.0,6969.0,2000.0,45.0,168.0,0.0,Active,RMLS,18599599,45.49932366308391,-122.36940923691608,"{'spatialReference': {'wkid': 4326}, 'x': -122.36940923691608, 'y': 45.49932366308391}"
3519,MLS Listing,Single Family Residential,Gresham,OR,97080.0,449900.0,5.0,2.5,Willow Hills,2771.0,6098.0,2003.0,48.0,162.0,0.0,Active,RMLS,18206648,45.49221472820253,-122.43103787179746,"{'spatialReference': {'wkid': 4326}, 'x': -122.43103787179746, 'y': 45.49221472820253}"
3529,MLS Listing,Single Family Residential,Gresham,OR,97080.0,450000.0,4.0,3.5,GRESHAM - SOUTHWEST,3751.0,15245.0,2007.0,55.0,120.0,0.0,Active,RMLS,18027309,45.48625412854718,-122.4712874714528,"{'spatialReference': {'wkid': 4326}, 'x': -122.4712874714528, 'y': 45.48625412854718}"
3535,MLS Listing,Single Family Residential,Gresham,OR,97080.0,387000.0,4.0,2.5,"Gresham, Sandy, Troutdale, Corbett",2426.0,4791.0,2002.0,57.0,160.0,12.0,Active,RMLS,18498791,45.49082400298309,-122.37422059701692,"{'spatialReference': {'wkid': 4326}, 'x': -122.37422059701692, 'y': 45.49082400298309}"
3537,MLS Listing,Single Family Residential,Gresham,OR,97080.0,599900.0,3.0,3.5,Persimmon 05,3469.0,9583.0,2005.0,62.0,173.0,67.0,Active,RMLS,18296852,45.50313213692136,-122.39124526307864,"{'spatialReference': {'wkid': 4326}, 'x': -122.39124526307864, 'y': 45.50313213692136}"
3539,MLS Listing,Single Family Residential,Gresham,OR,97080.0,625000.0,4.0,3.0,"Gresham, Sandy, Troutdale, Corbett",2970.0,10018.0,2018.0,63.0,210.0,0.0,Active,RMLS,18309208,45.47808755661968,-122.40819544338032,"{'spatialReference': {'wkid': 4326}, 'x': -122.40819544338032, 'y': 45.47808755661968}"
3544,MLS Listing,Single Family Residential,Gresham,OR,97080.0,490000.0,3.0,2.5,"Gresham, Sandy, Troutdale, Corbett",2387.0,6969.0,2018.0,65.0,205.0,0.0,Active,RMLS,18220910,45.50465915241868,-122.42784134758134,"{'spatialReference': {'wkid': 4326}, 'x': -122.42784134758134, 'y': 45.50465915241868}"
3545,MLS Listing,Single Family Residential,Gresham,OR,97080.0,480000.0,3.0,2.5,"Gresham, Sandy, Troutdale, Corbett",2406.0,6969.0,2018.0,65.0,200.0,0.0,Active,RMLS,18370645,45.48400203340142,-122.4484984665986,"{'spatialReference': {'wkid': 4326}, 'x': -122.4484984665986, 'y': 45.48400203340142}"
3546,MLS Listing,Single Family Residential,Gresham,OR,97080.0,485000.0,4.0,2.5,"Gresham, Sandy, Troutdale, Corbett",2237.0,6969.0,2018.0,65.0,217.0,0.0,Active,RMLS,18161028,45.48380589265924,-122.44869460734076,"{'spatialReference': {'wkid': 4326}, 'x': -122.44869460734076, 'y': 45.48380589265924}"
3547,MLS Listing,Single Family Residential,Gresham,OR,97080.0,495000.0,3.0,2.5,"Gresham, Sandy, Troutdale, Corbett",2580.0,6969.0,2018.0,65.0,192.0,0.0,Active,RMLS,18043776,45.5154216231587,-122.41707887684132,"{'spatialReference': {'wkid': 4326}, 'x': -122.41707887684132, 'y': 45.5154216231587}"
3548,MLS Listing,Single Family Residential,Gresham,OR,97080.0,495000.0,3.0,2.5,"Gresham, Sandy, Troutdale, Corbett",2580.0,6969.0,2018.0,65.0,192.0,0.0,Active,RMLS,18007267,45.49901523647852,-122.43348526352148,"{'spatialReference': {'wkid': 4326}, 'x': -122.43348526352148, 'y': 45.49901523647852}"
3549,MLS Listing,Single Family Residential,Gresham,OR,97080.0,480000.0,3.0,2.5,"Gresham, Sandy, Troutdale, Corbett",2396.0,6969.0,2018.0,65.0,200.0,0.0,Active,RMLS,18334430,45.48533470539209,-122.44716579460793,"{'spatialReference': {'wkid': 4326}, 'x': -122.44716579460793, 'y': 45.48533470539209}"
3550,MLS Listing,Single Family Residential,Gresham,OR,97080.0,490000.0,4.0,2.5,"Gresham, Sandy, Troutdale, Corbett",2577.0,6969.0,2018.0,65.0,190.0,0.0,Active,RMLS,18639725,45.4612160446004,-122.4712844553996,"{'spatialReference': {'wkid': 4326}, 'x': -122.4712844553996, 'y': 45.4612160446004}"
3551,MLS Listing,Single Family Residential,Gresham,OR,97080.0,490000.0,3.0,2.5,"Gresham, Sandy, Troutdale, Corbett",2387.0,6969.0,2018.0,65.0,205.0,0.0,Active,RMLS,18476873,45.49194887305931,-122.4405516269407,"{'spatialReference': {'wkid': 4326}, 'x': -122.4405516269407, 'y': 45.49194887305931}"
3552,MLS Listing,Single Family Residential,Gresham,OR,97080.0,485000.0,3.0,2.5,"Gresham, Sandy, Troutdale, Corbett",2430.0,6969.0,2018.0,65.0,200.0,0.0,Active,RMLS,18620161,45.48679672528017,-122.44570377471985,"{'spatialReference': {'wkid': 4326}, 'x': -122.44570377471985, 'y': 45.48679672528017}"
3553,MLS Listing,Single Family Residential,Gresham,OR,97080.0,495000.0,3.0,2.5,"Gresham, Sandy, Troutdale, Corbett",2580.0,6969.0,2018.0,65.0,192.0,0.0,Active,RMLS,18280624,45.48022677796207,-122.45227372203794,"{'spatialReference': {'wkid': 4326}, 'x': -122.45227372203794, 'y': 45.48022677796207}"
3554,MLS Listing,Single Family Residential,Gresham,OR,97080.0,490000.0,3.0,2.5,"Gresham, Sandy, Troutdale, Corbett",2387.0,6969.0,2018.0,65.0,205.0,0.0,Active,RMLS,18439556,45.47116698766916,-122.46133351233084,"{'spatialReference': {'wkid': 4326}, 'x': -122.46133351233084, 'y': 45.47116698766916}"
3555,MLS Listing,Single Family Residential,Gresham,OR,97080.0,485000.0,3.0,2.5,"Gresham, Sandy, Troutdale, Corbett",2430.0,6969.0,2018.0,65.0,200.0,0.0,Active,RMLS,18186450,45.47044530288875,-122.45598169711126,"{'spatialReference': {'wkid': 4326}, 'x': -122.45598169711126, 'y': 45.47044530288875}"
3556,MLS Listing,Single Family Residential,Gresham,OR,97080.0,490000.0,3.0,2.5,"Gresham, Sandy, Troutdale, Corbett",2577.0,6969.0,2018.0,65.0,190.0,0.0,Active,RMLS,18359555,45.49791169640984,-122.43458880359016,"{'spatialReference': {'wkid': 4326}, 'x': -122.43458880359016, 'y': 45.49791169640984}"
3557,MLS Listing,Single Family Residential,Gresham,OR,97080.0,485000.0,3.0,2.5,"Gresham, Sandy, Troutdale, Corbett",2430.0,6969.0,2018.0,65.0,200.0,0.0,Active,RMLS,18695406,45.494330758676895,-122.43816974132312,"{'spatialReference': {'wkid': 4326}, 'x': -122.43816974132312, 'y': 45.494330758676895}"
3564,MLS Listing,Single Family Residential,Gresham,OR,97080.0,479900.0,4.0,3.0,"Gresham, Sandy, Troutdale, Corbett",2582.0,6534.0,2016.0,69.0,186.0,43.0,Active,RMLS,18175562,45.47720981801163,-122.42850858198835,"{'spatialReference': {'wkid': 4326}, 'x': -122.42850858198835, 'y': 45.47720981801163}"
3569,MLS Listing,Single Family Residential,Gresham,OR,97080.0,465000.0,4.0,3.0,"Gresham, Sandy, Troutdale, Corbett",2447.0,6534.0,2016.0,74.0,190.0,0.0,Active,RMLS,18074557,45.47052196614552,-122.45656873385448,"{'spatialReference': {'wkid': 4326}, 'x': -122.45656873385448, 'y': 45.47052196614552}"
3573,MLS Listing,Single Family Residential,Gresham,OR,97080.0,569900.0,3.0,2.5,Persimmon,3146.0,13068.0,2000.0,79.0,181.0,67.0,Active,RMLS,18679919,45.48831842733731,-122.4125307726627,"{'spatialReference': {'wkid': 4326}, 'x': -122.4125307726627, 'y': 45.48831842733731}"
3589,MLS Listing,Single Family Residential,Gresham,OR,97080.0,599990.0,3.0,2.5,"Gresham, Sandy, Troutdale, Corbett",3028.0,5227.0,2016.0,111.0,198.0,34.0,Active,RMLS,18355910,45.493319369599526,-122.43807123040048,"{'spatialReference': {'wkid': 4326}, 'x': -122.43807123040048, 'y': 45.493319369599526}"
3594,MLS Listing,Single Family Residential,Gresham,OR,97080.0,459000.0,3.0,2.0,GRESHAM BUTTE,2852.0,9147.0,2003.0,126.0,161.0,29.0,Active,RMLS,18474192,45.48184240350925,-122.41246909649075,"{'spatialReference': {'wkid': 4326}, 'x': -122.41246909649075, 'y': 45.48184240350925}"
3611,MLS Listing,Single Family Residential,Gresham,OR,97080.0,499900.0,5.0,3.0,"Gresham, Sandy, Troutdale, Corbett",2979.0,6098.0,2015.0,192.0,168.0,35.0,Active,RMLS,18672376,45.4933987207339,-122.43483267926612,"{'spatialReference': {'wkid': 4326}, 'x': -122.43483267926612, 'y': 45.4933987207339}"
3612,MLS Listing,Single Family Residential,Gresham,OR,97080.0,429000.0,4.0,2.5,"Gresham, Sandy, Troutdale, Corbett",2021.0,6969.0,2018.0,195.0,212.0,0.0,Active,RMLS,18510796,45.48169878704469,-122.38086281295531,"{'spatialReference': {'wkid': 4326}, 'x': -122.38086281295531, 'y': 45.48169878704469}"
3613,MLS Listing,Single Family Residential,Gresham,OR,97080.0,495000.0,3.0,2.5,"Gresham, Sandy, Troutdale, Corbett",2580.0,6969.0,2018.0,195.0,192.0,0.0,Active,RMLS,18247970,45.47004587237456,-122.46245462762543,"{'spatialReference': {'wkid': 4326}, 'x': -122.46245462762543, 'y': 45.47004587237456}"
3614,MLS Listing,Single Family Residential,Gresham,OR,97080.0,480000.0,3.0,2.5,"Gresham, Sandy, Troutdale, Corbett",2396.0,6969.0,2018.0,195.0,200.0,0.0,Active,RMLS,18538109,45.47799027485935,-122.45451022514064,"{'spatialReference': {'wkid': 4326}, 'x': -122.45451022514064, 'y': 45.47799027485935}"
3615,MLS Listing,Single Family Residential,Gresham,OR,97080.0,490000.0,4.0,2.5,"Gresham, Sandy, Troutdale, Corbett",2577.0,6969.0,2018.0,195.0,190.0,0.0,Active,RMLS,18570032,45.464836019305366,-122.46766448069464,"{'spatialReference': {'wkid': 4326}, 'x': -122.46766448069464, 'y': 45.464836019305366}"
3617,MLS Listing,Single Family Residential,Gresham,OR,97080.0,644500.0,4.0,4.0,DEER GLEN,3953.0,8276.0,2007.0,200.0,163.0,40.0,Active,RMLS,18584969,45.50910503905352,-122.3960330609465,"{'spatialReference': {'wkid': 4326}, 'x': -122.3960330609465, 'y': 45.50910503905352}"
3618,MLS Listing,Single Family Residential,Gresham,OR,97080.0,419000.0,4.0,2.5,Samson Acres,2021.0,6969.0,2018.0,231.0,207.0,0.0,Active,RMLS,18427782,45.49110663227081,-122.3714549677292,"{'spatialReference': {'wkid': 4326}, 'x': -122.3714549677292, 'y': 45.49110663227081}"
3620,MLS Listing,Single Family Residential,Gresham,OR,97080.0,499899.0,4.0,2.5,"Gresham, Sandy, Troutdale, Corbett",2364.0,7405.0,2017.0,346.0,211.0,0.0,Active,RMLS,17071766,45.49067181979249,-122.44297088020753,"{'spatialReference': {'wkid': 4326}, 'x': -122.44297088020753, 'y': 45.49067181979249}"
3622,New Construction Home,Single Family Residential,Gresham,OR,97080.0,489900.0,5.0,3.0,Homestead at Brookside,2892.0,6969.0,2018.0,1.0,169.0,0.0,Active,NewHomeSource.com,1516761,45.48505852523843,-122.4401414747616,"{'spatialReference': {'wkid': 4326}, 'x': -122.4401414747616, 'y': 45.48505852523843}"
3623,New Construction Home,Single Family Residential,Gresham,OR,97080.0,519900.0,4.0,3.5,Homestead at Brookside,3180.0,6969.0,2018.0,1.0,163.0,0.0,Active,NewHomeSource.com,1516762,45.4759108826165,-122.44928911738351,"{'spatialReference': {'wkid': 4326}, 'x': -122.44928911738351, 'y': 45.4759108826165}"
